ticket_id,title,description,category,priority,resolution_hint,language,source,title_clean,description_clean,text
TRX-1170,PowerPoint police manquante Urgent pour une livraison client.,Présentation avec polices non installées. Deadline aujourd'hui 17h.,software,low,Installer polices corporate Tritux.,fr,synthetic_tritux_v1,powerpoint police manquante urgent pour une livraison client.,présentation avec polices non installées. deadline aujourd hui 17h.,powerpoint police manquante urgent pour une livraison client. présentation avec polices non installées. deadline aujourd hui 17h.
TRX-1226,Imprimante bureau n'imprime pas Depuis la dernière mise à jour Windows.,"Travaux en file d'attente, status offline. Aucun changement matériel de mon côté.",hardware,medium,"Redémarrer spooler, vérifier IP imprimante.",fr,synthetic_tritux_v1,imprimante bureau n imprime pas depuis la dernière mise à jour windows.,travaux en file d attente status offline. aucun changement matériel de mon côté.,imprimante bureau n imprime pas depuis la dernière mise à jour windows. travaux en file d attente status offline. aucun changement matériel de mon côté.
TRX-1231,Webcam intégrée noire Problème reproduit sur 2 postes.,Caméra allumée mais image noire dans Teams. Captures d'écran disponibles.,hardware,medium,"Réinstaller pilote caméra, privacy settings.",fr,synthetic_tritux_v1,webcam intégrée noire problème reproduit sur 2 postes.,caméra allumée mais image noire dans teams. captures d écran disponibles.,webcam intégrée noire problème reproduit sur 2 postes. caméra allumée mais image noire dans teams. captures d écran disponibles.
TRX-1345,Calendrier Teams non synchronisé Problème reproduit sur 2 postes.,RDV Outlook absents de Teams. Captures d'écran disponibles.,email,medium,Repair sync M365 calendar.,fr,synthetic_tritux_v1,calendrier teams non synchronisé problème reproduit sur 2 postes.,rdv outlook absents de teams. captures d écran disponibles.,calendrier teams non synchronisé problème reproduit sur 2 postes. rdv outlook absents de teams. captures d écran disponibles.
TRX-1337,Mails partent en spam chez clients Merci de traiter rapidement.,Plaintes SPF/DKIM fail. Impact sur mon activité quotidienne.,email,high,Vérifier enregistrements DNS mail.,fr,synthetic_tritux_v1,mails partent en spam chez clients merci de traiter rapidement.,plaintes spf/dkim fail. impact sur mon activité quotidienne.,mails partent en spam chez clients merci de traiter rapidement. plaintes spf/dkim fail. impact sur mon activité quotidienne.
TRX-1106,Lien suspect dans Teams Depuis la dernière mise à jour Windows.,Collègue a collé un lien raccourci douteux. Aucun changement matériel de mon côté.,security,high,"Ne pas ouvrir, signaler au SOC Tritux.",fr,synthetic_tritux_v1,lien suspect dans teams depuis la dernière mise à jour windows.,collègue a collé un lien raccourci douteux. aucun changement matériel de mon côté.,lien suspect dans teams depuis la dernière mise à jour windows. collègue a collé un lien raccourci douteux. aucun changement matériel de mon côté.
TRX-1199,Clavier certain touches mortes Merci de traiter rapidement.,Touches E et R ne répondent plus. Impact sur mon activité quotidienne.,hardware,low,Nettoyage / remplacement clavier.,fr,synthetic_tritux_v1,clavier certain touches mortes merci de traiter rapidement.,touches e et r ne répondent plus. impact sur mon activité quotidienne.,clavier certain touches mortes merci de traiter rapidement. touches e et r ne répondent plus. impact sur mon activité quotidienne.
TRX-1300,Alias email non reçu,L'alias prenom.nom2 n'arrive pas.,account,medium,Vérifier proxyAddresses Exchange.,fr,synthetic_tritux_v1,alias email non reçu,l alias prenom.nom2 n arrive pas.,alias email non reçu l alias prenom.nom2 n arrive pas.
TRX-1374,Demande formation Excel avancé Urgent pour une livraison client.,Souhait formation tableaux croisés. Deadline aujourd'hui 17h.,other,low,Orienter catalogue formation Tritux.,fr,synthetic_tritux_v1,demande formation excel avancé urgent pour une livraison client.,souhait formation tableaux croisés. deadline aujourd hui 17h.,demande formation excel avancé urgent pour une livraison client. souhait formation tableaux croisés. deadline aujourd hui 17h.
TRX-1163,OneDrive synchronisation bloquée Merci de traiter rapidement.,"Icône rouge, fichiers hors ligne non sync. Impact sur mon activité quotidienne.",software,medium,"Reset OneDrive, espace disque, droits.",fr,synthetic_tritux_v1,onedrive synchronisation bloquée merci de traiter rapidement.,icône rouge fichiers hors ligne non sync. impact sur mon activité quotidienne.,onedrive synchronisation bloquée merci de traiter rapidement. icône rouge fichiers hors ligne non sync. impact sur mon activité quotidienne.
TRX-1162,OneDrive synchronisation bloquée,"Icône rouge, fichiers hors ligne non sync.",software,medium,"Reset OneDrive, espace disque, droits.",fr,synthetic_tritux_v1,onedrive synchronisation bloquée,icône rouge fichiers hors ligne non sync.,onedrive synchronisation bloquée icône rouge fichiers hors ligne non sync.
TRX-1094,MFA ne fonctionne plus Depuis la dernière mise à jour Windows.,Codes Authenticator incorrects pour la connexion Office. Aucun changement matériel de mon côté.,security,high,Resynchroniser MFA / réenregistrer appareil.,fr,synthetic_tritux_v1,mfa ne fonctionne plus depuis la dernière mise à jour windows.,codes authenticator incorrects pour la connexion office. aucun changement matériel de mon côté.,mfa ne fonctionne plus depuis la dernière mise à jour windows. codes authenticator incorrects pour la connexion office. aucun changement matériel de mon côté.
TRX-1041,DNS ne résout pas les sites internes En télétravail uniquement.,intranet.tritux.local ne répond pas. Sur site le problème n'apparaît pas.,network,high,"Pointer DNS vers contrôleurs Tritux, flushdns.",fr,synthetic_tritux_v1,dns ne résout pas les sites internes en télétravail uniquement.,intranet.tritux.local ne répond pas. sur site le problème n apparaît pas.,dns ne résout pas les sites internes en télétravail uniquement. intranet.tritux.local ne répond pas. sur site le problème n apparaît pas.
TRX-1263,Compte verrouillé après tentatives En télétravail uniquement.,"Trop d'échecs de connexion, compte lock. Sur site le problème n'apparaît pas.",account,high,Unlock Active Directory / Azure AD.,fr,synthetic_tritux_v1,compte verrouillé après tentatives en télétravail uniquement.,trop d échecs de connexion compte lock. sur site le problème n apparaît pas.,compte verrouillé après tentatives en télétravail uniquement. trop d échecs de connexion compte lock. sur site le problème n apparaît pas.
TRX-1291,Accès VPN non provisionné Problème reproduit sur 2 postes.,Compte ok mais groupe VPN manquant. Captures d'écran disponibles.,account,high,Ajouter au groupe VPN-Users.,fr,synthetic_tritux_v1,accès vpn non provisionné problème reproduit sur 2 postes.,compte ok mais groupe vpn manquant. captures d écran disponibles.,accès vpn non provisionné problème reproduit sur 2 postes. compte ok mais groupe vpn manquant. captures d écran disponibles.
TRX-1160,Adobe Reader ne s'ouvre pas Depuis la dernière mise à jour Windows.,PDF s'ouvre dans le navigateur uniquement. Aucun changement matériel de mon côté.,software,low,Réparer/réinstaller Acrobat Reader.,fr,synthetic_tritux_v1,adobe reader ne s ouvre pas depuis la dernière mise à jour windows.,pdf s ouvre dans le navigateur uniquement. aucun changement matériel de mon côté.,adobe reader ne s ouvre pas depuis la dernière mise à jour windows. pdf s ouvre dans le navigateur uniquement. aucun changement matériel de mon côté.
TRX-1318,Pièces jointes bloquées,PDF > 10 Mo refusés à l'envoi.,email,medium,"Utiliser OneDrive link, quota PJ.",fr,synthetic_tritux_v1,pièces jointes bloquées,pdf 10 mo refusés à l envoi.,pièces jointes bloquées pdf 10 mo refusés à l envoi.
TRX-1011,VPN se déconnecte toutes les 10 minutes En télétravail uniquement.,"La session VPN tombe régulièrement, surtout sur Wi-Fi public. Sur site le problème n'apparaît pas.",network,high,"Stabiliser la session: keepalive, MTU, éviter captive portal.",fr,synthetic_tritux_v1,vpn se déconnecte toutes les 10 minutes en télétravail uniquement.,la session vpn tombe régulièrement surtout sur wi-fi public. sur site le problème n apparaît pas.,vpn se déconnecte toutes les 10 minutes en télétravail uniquement. la session vpn tombe régulièrement surtout sur wi-fi public. sur site le problème n apparaît pas.
TRX-1139,Word affiche document corrompu Merci de traiter rapidement.,Impossible d'ouvrir mon rapport.docx. Impact sur mon activité quotidienne.,software,medium,Récupération Word / versions OneDrive.,fr,synthetic_tritux_v1,word affiche document corrompu merci de traiter rapidement.,impossible d ouvrir mon rapport.docx. impact sur mon activité quotidienne.,word affiche document corrompu merci de traiter rapidement. impossible d ouvrir mon rapport.docx. impact sur mon activité quotidienne.
TRX-1190,Zoom / Teams conflit audio Depuis la dernière mise à jour Windows.,Micro non détecté pendant réunion. Aucun changement matériel de mon côté.,software,medium,Permissions Windows privacy + périphérique défaut.,fr,synthetic_tritux_v1,zoom / teams conflit audio depuis la dernière mise à jour windows.,micro non détecté pendant réunion. aucun changement matériel de mon côté.,zoom / teams conflit audio depuis la dernière mise à jour windows. micro non détecté pendant réunion. aucun changement matériel de mon côté.
TRX-1004,Impossible de se connecter au VPN Depuis la dernière mise à jour Windows.,Erreur 'connexion VPN échouée' depuis le télétravail. Client OpenVPN à jour. Aucun changement matériel de mon côté.,network,high,"Vérifier certificat VPN, DNS et firewall.",fr,synthetic_tritux_v1,impossible de se connecter au vpn depuis la dernière mise à jour windows.,erreur connexion vpn échouée depuis le télétravail. client openvpn à jour. aucun changement matériel de mon côté.,impossible de se connecter au vpn depuis la dernière mise à jour windows. erreur connexion vpn échouée depuis le télétravail. client openvpn à jour. aucun changement matériel de mon côté.
TRX-1315,Mails n'arrivent plus en réception Problème reproduit sur 2 postes.,"Boîte vide depuis hier, envoi OK. Captures d'écran disponibles.",email,high,"Règles Outlook, quarantaine, MX.",fr,synthetic_tritux_v1,mails n arrivent plus en réception problème reproduit sur 2 postes.,boîte vide depuis hier envoi ok. captures d écran disponibles.,mails n arrivent plus en réception problème reproduit sur 2 postes. boîte vide depuis hier envoi ok. captures d écran disponibles.
TRX-1158,Adobe Reader ne s'ouvre pas Urgent pour une livraison client.,PDF s'ouvre dans le navigateur uniquement. Deadline aujourd'hui 17h.,software,low,Réparer/réinstaller Acrobat Reader.,fr,synthetic_tritux_v1,adobe reader ne s ouvre pas urgent pour une livraison client.,pdf s ouvre dans le navigateur uniquement. deadline aujourd hui 17h.,adobe reader ne s ouvre pas urgent pour une livraison client. pdf s ouvre dans le navigateur uniquement. deadline aujourd hui 17h.
TRX-1034,Latence élevée sur Teams Depuis la dernière mise à jour Windows.,Appels Teams avec décalage audio important. Aucun changement matériel de mon côté.,network,medium,"Tester bande passante, QoS, fermer VPN split tunnel.",fr,synthetic_tritux_v1,latence élevée sur teams depuis la dernière mise à jour windows.,appels teams avec décalage audio important. aucun changement matériel de mon côté.,latence élevée sur teams depuis la dernière mise à jour windows. appels teams avec décalage audio important. aucun changement matériel de mon côté.
TRX-1037,DNS ne résout pas les sites internes Merci de traiter rapidement.,intranet.tritux.local ne répond pas. Impact sur mon activité quotidienne.,network,high,"Pointer DNS vers contrôleurs Tritux, flushdns.",fr,synthetic_tritux_v1,dns ne résout pas les sites internes merci de traiter rapidement.,intranet.tritux.local ne répond pas. impact sur mon activité quotidienne.,dns ne résout pas les sites internes merci de traiter rapidement. intranet.tritux.local ne répond pas. impact sur mon activité quotidienne.
TRX-1215,Batterie PC portable se décharge vite En télétravail uniquement.,Autonomie < 1h alors que neuve il y a 2 ans. Sur site le problème n'apparaît pas.,hardware,medium,"Diagnostic batterie, remplacement si usée.",fr,synthetic_tritux_v1,batterie pc portable se décharge vite en télétravail uniquement.,autonomie 1h alors que neuve il y a 2 ans. sur site le problème n apparaît pas.,batterie pc portable se décharge vite en télétravail uniquement. autonomie 1h alors que neuve il y a 2 ans. sur site le problème n apparaît pas.
TRX-1387,Demande inventaire matériel Problème reproduit sur 2 postes.,Liste des assets de mon département. Captures d'écran disponibles.,other,low,Extraire depuis CMDB / Intune.,fr,synthetic_tritux_v1,demande inventaire matériel problème reproduit sur 2 postes.,liste des assets de mon département. captures d écran disponibles.,demande inventaire matériel problème reproduit sur 2 postes. liste des assets de mon département. captures d écran disponibles.
TRX-1069,Compte potentiellement compromis Problème reproduit sur 2 postes.,Connexions inhabituelles depuis l'étranger dans les logs. Captures d'écran disponibles.,security,urgent,"Révoquer sessions, reset MDP, MFA obligatoire.",fr,synthetic_tritux_v1,compte potentiellement compromis problème reproduit sur 2 postes.,connexions inhabituelles depuis l étranger dans les logs. captures d écran disponibles.,compte potentiellement compromis problème reproduit sur 2 postes. connexions inhabituelles depuis l étranger dans les logs. captures d écran disponibles.
TRX-1207,Souris sans fil se déconnecte Problème reproduit sur 2 postes.,Dongle Logitech instable. Captures d'écran disponibles.,hardware,low,"Changer piles, port USB, réappairage.",fr,synthetic_tritux_v1,souris sans fil se déconnecte problème reproduit sur 2 postes.,dongle logitech instable. captures d écran disponibles.,souris sans fil se déconnecte problème reproduit sur 2 postes. dongle logitech instable. captures d écran disponibles.
TRX-1355,Règle de redirection suspecte Merci de traiter rapidement.,Mails forward auto vers externe. Impact sur mon activité quotidienne.,email,urgent,"Supprimer règle, reset MDP, audit.",fr,synthetic_tritux_v1,règle de redirection suspecte merci de traiter rapidement.,mails forward auto vers externe. impact sur mon activité quotidienne.,règle de redirection suspecte merci de traiter rapidement. mails forward auto vers externe. impact sur mon activité quotidienne.
TRX-1092,MFA ne fonctionne plus Urgent pour une livraison client.,Codes Authenticator incorrects pour la connexion Office. Deadline aujourd'hui 17h.,security,high,Resynchroniser MFA / réenregistrer appareil.,fr,synthetic_tritux_v1,mfa ne fonctionne plus urgent pour une livraison client.,codes authenticator incorrects pour la connexion office. deadline aujourd hui 17h.,mfa ne fonctionne plus urgent pour une livraison client. codes authenticator incorrects pour la connexion office. deadline aujourd hui 17h.
TRX-1221,PC ne démarre plus En télétravail uniquement.,"Écran noir au power on, ventilateurs tournent. Sur site le problème n'apparaît pas.",hardware,high,"Tester RAM/écran externe, atelier.",fr,synthetic_tritux_v1,pc ne démarre plus en télétravail uniquement.,écran noir au power on ventilateurs tournent. sur site le problème n apparaît pas.,pc ne démarre plus en télétravail uniquement. écran noir au power on ventilateurs tournent. sur site le problème n apparaît pas.
TRX-1433,Alerte connexion RDP inhabituelle - besoin aide,Tentative RDP hors heures. Occurrence #4.,security,urgent,"Bloquer IP, audit compte.",fr,synthetic_tritux_v1,alerte connexion rdp inhabituelle - besoin aide,tentative rdp hors heures. occurrence 4.,alerte connexion rdp inhabituelle - besoin aide tentative rdp hors heures. occurrence 4.
TRX-1269,Demande de création compte prestataire En télétravail uniquement.,Nouveau prestataire a besoin d'un accès mail. Sur site le problème n'apparaît pas.,account,medium,Process onboarding RH + IT.,fr,synthetic_tritux_v1,demande de création compte prestataire en télétravail uniquement.,nouveau prestataire a besoin d un accès mail. sur site le problème n apparaît pas.,demande de création compte prestataire en télétravail uniquement. nouveau prestataire a besoin d un accès mail. sur site le problème n apparaît pas.
TRX-1145,Installation Docker Desktop bloquée Merci de traiter rapidement.,"Besoin Docker pour le projet, droits insuffisants. Impact sur mon activité quotidienne.",software,medium,Demande logiciel + validation sécurité.,fr,synthetic_tritux_v1,installation docker desktop bloquée merci de traiter rapidement.,besoin docker pour le projet droits insuffisants. impact sur mon activité quotidienne.,installation docker desktop bloquée merci de traiter rapidement. besoin docker pour le projet droits insuffisants. impact sur mon activité quotidienne.
TRX-1002,Impossible de se connecter au VPN Urgent pour une livraison client.,Erreur 'connexion VPN échouée' depuis le télétravail. Client OpenVPN à jour. Deadline aujourd'hui 17h.,network,high,"Vérifier certificat VPN, DNS et firewall.",fr,synthetic_tritux_v1,impossible de se connecter au vpn urgent pour une livraison client.,erreur connexion vpn échouée depuis le télétravail. client openvpn à jour. deadline aujourd hui 17h.,impossible de se connecter au vpn urgent pour une livraison client. erreur connexion vpn échouée depuis le télétravail. client openvpn à jour. deadline aujourd hui 17h.
TRX-1395,Question politique télétravail En télétravail uniquement.,Jours autorisés hors site? Sur site le problème n'apparaît pas.,other,low,Consulter RH / intranet.,fr,synthetic_tritux_v1,question politique télétravail en télétravail uniquement.,jours autorisés hors site sur site le problème n apparaît pas.,question politique télétravail en télétravail uniquement. jours autorisés hors site sur site le problème n apparaît pas.
TRX-1077,Alerte antivirus malware détecté En télétravail uniquement.,Windows Defender a mis en quarantaine un fichier.exe téléchargé. Sur site le problème n'apparaît pas.,security,urgent,"Ne pas restaurer, scanner complet, isoler poste.",fr,synthetic_tritux_v1,alerte antivirus malware détecté en télétravail uniquement.,windows defender a mis en quarantaine un fichier.exe téléchargé. sur site le problème n apparaît pas.,alerte antivirus malware détecté en télétravail uniquement. windows defender a mis en quarantaine un fichier.exe téléchargé. sur site le problème n apparaît pas.
TRX-1431,Alerte connexion RDP inhabituelle - besoin aide,Tentative RDP hors heures. Occurrence #2.,security,urgent,"Bloquer IP, audit compte.",fr,synthetic_tritux_v1,alerte connexion rdp inhabituelle - besoin aide,tentative rdp hors heures. occurrence 2.,alerte connexion rdp inhabituelle - besoin aide tentative rdp hors heures. occurrence 2.
TRX-1265,Demande de création compte prestataire Merci de traiter rapidement.,Nouveau prestataire a besoin d'un accès mail. Impact sur mon activité quotidienne.,account,medium,Process onboarding RH + IT.,fr,synthetic_tritux_v1,demande de création compte prestataire merci de traiter rapidement.,nouveau prestataire a besoin d un accès mail. impact sur mon activité quotidienne.,demande de création compte prestataire merci de traiter rapidement. nouveau prestataire a besoin d un accès mail. impact sur mon activité quotidienne.
TRX-1313,Mails n'arrivent plus en réception Merci de traiter rapidement.,"Boîte vide depuis hier, envoi OK. Impact sur mon activité quotidienne.",email,high,"Règles Outlook, quarantaine, MX.",fr,synthetic_tritux_v1,mails n arrivent plus en réception merci de traiter rapidement.,boîte vide depuis hier envoi ok. impact sur mon activité quotidienne.,mails n arrivent plus en réception merci de traiter rapidement. boîte vide depuis hier envoi ok. impact sur mon activité quotidienne.
TRX-1324,Signature email à mettre à jour,Nouvelle signature corporate manquante.,email,low,Déployer signature centralisée.,fr,synthetic_tritux_v1,signature email à mettre à jour,nouvelle signature corporate manquante.,signature email à mettre à jour nouvelle signature corporate manquante.
TRX-1408,Imprimante imprime des pages blanches,Toner semble OK mais sorties blanches. Occurrence #3.,hardware,low,"Tambour/toner, test page.",fr,synthetic_tritux_v1,imprimante imprime des pages blanches,toner semble ok mais sorties blanches. occurrence 3.,imprimante imprime des pages blanches toner semble ok mais sorties blanches. occurrence 3.
TRX-1059,Perte de connexion après veille En télétravail uniquement.,"Après sleep Windows, plus de réseau jusqu'au reboot. Sur site le problème n'apparaît pas.",network,medium,"Mettre à jour pilote NIC, désactiver energy saving.",fr,synthetic_tritux_v1,perte de connexion après veille en télétravail uniquement.,après sleep windows plus de réseau jusqu au reboot. sur site le problème n apparaît pas.,perte de connexion après veille en télétravail uniquement. après sleep windows plus de réseau jusqu au reboot. sur site le problème n apparaît pas.
TRX-1336,Mails partent en spam chez clients,Plaintes SPF/DKIM fail.,email,high,Vérifier enregistrements DNS mail.,fr,synthetic_tritux_v1,mails partent en spam chez clients,plaintes spf/dkim fail.,mails partent en spam chez clients plaintes spf/dkim fail.
TRX-1389,Demande inventaire matériel En télétravail uniquement.,Liste des assets de mon département. Sur site le problème n'apparaît pas.,other,low,Extraire depuis CMDB / Intune.,fr,synthetic_tritux_v1,demande inventaire matériel en télétravail uniquement.,liste des assets de mon département. sur site le problème n apparaît pas.,demande inventaire matériel en télétravail uniquement. liste des assets de mon département. sur site le problème n apparaît pas.
TRX-1173,PowerPoint police manquante En télétravail uniquement.,Présentation avec polices non installées. Sur site le problème n'apparaît pas.,software,low,Installer polices corporate Tritux.,fr,synthetic_tritux_v1,powerpoint police manquante en télétravail uniquement.,présentation avec polices non installées. sur site le problème n apparaît pas.,powerpoint police manquante en télétravail uniquement. présentation avec polices non installées. sur site le problème n apparaît pas.
TRX-1021,Wi-Fi instable au 3ème étage Problème reproduit sur 2 postes.,Le réseau sans fil coupe souvent dans la salle réunion B. Captures d'écran disponibles.,network,medium,"Reset borne AP, vérifier couverture et canaux.",fr,synthetic_tritux_v1,wi-fi instable au 3ème étage problème reproduit sur 2 postes.,le réseau sans fil coupe souvent dans la salle réunion b. captures d écran disponibles.,wi-fi instable au 3ème étage problème reproduit sur 2 postes. le réseau sans fil coupe souvent dans la salle réunion b. captures d écran disponibles.
TRX-1045,Câble RJ45 défectueux poste finance Problème reproduit sur 2 postes.,"Lien ethernet down, LED orange éteinte. Captures d'écran disponibles.",network,low,Remplacer câble et tester port switch.,fr,synthetic_tritux_v1,câble rj45 défectueux poste finance problème reproduit sur 2 postes.,lien ethernet down led orange éteinte. captures d écran disponibles.,câble rj45 défectueux poste finance problème reproduit sur 2 postes. lien ethernet down led orange éteinte. captures d écran disponibles.
TRX-1164,OneDrive synchronisation bloquée Urgent pour une livraison client.,"Icône rouge, fichiers hors ligne non sync. Deadline aujourd'hui 17h.",software,medium,"Reset OneDrive, espace disque, droits.",fr,synthetic_tritux_v1,onedrive synchronisation bloquée urgent pour une livraison client.,icône rouge fichiers hors ligne non sync. deadline aujourd hui 17h.,onedrive synchronisation bloquée urgent pour une livraison client. icône rouge fichiers hors ligne non sync. deadline aujourd hui 17h.
TRX-1109,Certificat SSL invalide sur portail Merci de traiter rapidement.,Navigateur indique certificat non fiable. Impact sur mon activité quotidienne.,security,high,Vérifier horloge système et certificat serveur.,fr,synthetic_tritux_v1,certificat ssl invalide sur portail merci de traiter rapidement.,navigateur indique certificat non fiable. impact sur mon activité quotidienne.,certificat ssl invalide sur portail merci de traiter rapidement. navigateur indique certificat non fiable. impact sur mon activité quotidienne.
TRX-1208,Souris sans fil se déconnecte Depuis la dernière mise à jour Windows.,Dongle Logitech instable. Aucun changement matériel de mon côté.,hardware,low,"Changer piles, port USB, réappairage.",fr,synthetic_tritux_v1,souris sans fil se déconnecte depuis la dernière mise à jour windows.,dongle logitech instable. aucun changement matériel de mon côté.,souris sans fil se déconnecte depuis la dernière mise à jour windows. dongle logitech instable. aucun changement matériel de mon côté.
TRX-1211,Batterie PC portable se décharge vite Merci de traiter rapidement.,Autonomie < 1h alors que neuve il y a 2 ans. Impact sur mon activité quotidienne.,hardware,medium,"Diagnostic batterie, remplacement si usée.",fr,synthetic_tritux_v1,batterie pc portable se décharge vite merci de traiter rapidement.,autonomie 1h alors que neuve il y a 2 ans. impact sur mon activité quotidienne.,batterie pc portable se décharge vite merci de traiter rapidement. autonomie 1h alors que neuve il y a 2 ans. impact sur mon activité quotidienne.
TRX-1089,USB non autorisé bloqué En télétravail uniquement.,Clé USB refusée par la politique de sécurité. Sur site le problème n'apparaît pas.,security,low,"Utiliser OneDrive Tritux, demander exception SI.",fr,synthetic_tritux_v1,usb non autorisé bloqué en télétravail uniquement.,clé usb refusée par la politique de sécurité. sur site le problème n apparaît pas.,usb non autorisé bloqué en télétravail uniquement. clé usb refusée par la politique de sécurité. sur site le problème n apparaît pas.
TRX-1169,PowerPoint police manquante Merci de traiter rapidement.,Présentation avec polices non installées. Impact sur mon activité quotidienne.,software,low,Installer polices corporate Tritux.,fr,synthetic_tritux_v1,powerpoint police manquante merci de traiter rapidement.,présentation avec polices non installées. impact sur mon activité quotidienne.,powerpoint police manquante merci de traiter rapidement. présentation avec polices non installées. impact sur mon activité quotidienne.
TRX-1310,Profil Windows corrompu Depuis la dernière mise à jour Windows.,Impossible de charger le profil local. Aucun changement matériel de mon côté.,account,high,"Nouveau profil temporaire, migration data.",fr,synthetic_tritux_v1,profil windows corrompu depuis la dernière mise à jour windows.,impossible de charger le profil local. aucun changement matériel de mon côté.,profil windows corrompu depuis la dernière mise à jour windows. impossible de charger le profil local. aucun changement matériel de mon côté.
TRX-1006,VPN se déconnecte toutes les 10 minutes,"La session VPN tombe régulièrement, surtout sur Wi-Fi public.",network,high,"Stabiliser la session: keepalive, MTU, éviter captive portal.",fr,synthetic_tritux_v1,vpn se déconnecte toutes les 10 minutes,la session vpn tombe régulièrement surtout sur wi-fi public.,vpn se déconnecte toutes les 10 minutes la session vpn tombe régulièrement surtout sur wi-fi public.
TRX-1061,Email de phishing suspect reçu Merci de traiter rapidement.,Mail demandant de saisir mon mot de passe SSO via un lien externe. Impact sur mon activité quotidienne.,security,urgent,"Ne pas cliquer, signaler phishing, reset MDP si cliqué.",fr,synthetic_tritux_v1,email de phishing suspect reçu merci de traiter rapidement.,mail demandant de saisir mon mot de passe sso via un lien externe. impact sur mon activité quotidienne.,email de phishing suspect reçu merci de traiter rapidement. mail demandant de saisir mon mot de passe sso via un lien externe. impact sur mon activité quotidienne.
TRX-1320,Pièces jointes bloquées Urgent pour une livraison client.,PDF > 10 Mo refusés à l'envoi. Deadline aujourd'hui 17h.,email,medium,"Utiliser OneDrive link, quota PJ.",fr,synthetic_tritux_v1,pièces jointes bloquées urgent pour une livraison client.,pdf 10 mo refusés à l envoi. deadline aujourd hui 17h.,pièces jointes bloquées urgent pour une livraison client. pdf 10 mo refusés à l envoi. deadline aujourd hui 17h.
TRX-1177,Navigateur Chrome très lent Problème reproduit sur 2 postes.,"Onglets se figent, utilisation CPU élevée. Captures d'écran disponibles.",software,medium,"Désactiver extensions, clear cache.",fr,synthetic_tritux_v1,navigateur chrome très lent problème reproduit sur 2 postes.,onglets se figent utilisation cpu élevée. captures d écran disponibles.,navigateur chrome très lent problème reproduit sur 2 postes. onglets se figent utilisation cpu élevée. captures d écran disponibles.
TRX-1303,Alias email non reçu Problème reproduit sur 2 postes.,L'alias prenom.nom2 n'arrive pas. Captures d'écran disponibles.,account,medium,Vérifier proxyAddresses Exchange.,fr,synthetic_tritux_v1,alias email non reçu problème reproduit sur 2 postes.,l alias prenom.nom2 n arrive pas. captures d écran disponibles.,alias email non reçu problème reproduit sur 2 postes. l alias prenom.nom2 n arrive pas. captures d écran disponibles.
TRX-1143,Word affiche document corrompu En télétravail uniquement.,Impossible d'ouvrir mon rapport.docx. Sur site le problème n'apparaît pas.,software,medium,Récupération Word / versions OneDrive.,fr,synthetic_tritux_v1,word affiche document corrompu en télétravail uniquement.,impossible d ouvrir mon rapport.docx. sur site le problème n apparaît pas.,word affiche document corrompu en télétravail uniquement. impossible d ouvrir mon rapport.docx. sur site le problème n apparaît pas.
TRX-1277,Changement de nom suite mariage Merci de traiter rapidement.,Mettre à jour display name et email. Impact sur mon activité quotidienne.,account,low,Ticket identité + sync HRIS.,fr,synthetic_tritux_v1,changement de nom suite mariage merci de traiter rapidement.,mettre à jour display name et email. impact sur mon activité quotidienne.,changement de nom suite mariage merci de traiter rapidement. mettre à jour display name et email. impact sur mon activité quotidienne.
TRX-1391,Question politique télétravail Merci de traiter rapidement.,Jours autorisés hors site? Impact sur mon activité quotidienne.,other,low,Consulter RH / intranet.,fr,synthetic_tritux_v1,question politique télétravail merci de traiter rapidement.,jours autorisés hors site impact sur mon activité quotidienne.,question politique télétravail merci de traiter rapidement. jours autorisés hors site impact sur mon activité quotidienne.
TRX-1276,Changement de nom suite mariage,Mettre à jour display name et email.,account,low,Ticket identité + sync HRIS.,fr,synthetic_tritux_v1,changement de nom suite mariage,mettre à jour display name et email.,changement de nom suite mariage mettre à jour display name et email.
TRX-1153,VS Code extensions manquantes Problème reproduit sur 2 postes.,Environnement de dév incomplet après reset poste. Captures d'écran disponibles.,software,low,Réinstaller pack extensions Tritux.,fr,synthetic_tritux_v1,vs code extensions manquantes problème reproduit sur 2 postes.,environnement de dév incomplet après reset poste. captures d écran disponibles.,vs code extensions manquantes problème reproduit sur 2 postes. environnement de dév incomplet après reset poste. captures d écran disponibles.
TRX-1088,USB non autorisé bloqué Depuis la dernière mise à jour Windows.,Clé USB refusée par la politique de sécurité. Aucun changement matériel de mon côté.,security,low,"Utiliser OneDrive Tritux, demander exception SI.",fr,synthetic_tritux_v1,usb non autorisé bloqué depuis la dernière mise à jour windows.,clé usb refusée par la politique de sécurité. aucun changement matériel de mon côté.,usb non autorisé bloqué depuis la dernière mise à jour windows. clé usb refusée par la politique de sécurité. aucun changement matériel de mon côté.
TRX-1218,PC ne démarre plus Urgent pour une livraison client.,"Écran noir au power on, ventilateurs tournent. Deadline aujourd'hui 17h.",hardware,high,"Tester RAM/écran externe, atelier.",fr,synthetic_tritux_v1,pc ne démarre plus urgent pour une livraison client.,écran noir au power on ventilateurs tournent. deadline aujourd hui 17h.,pc ne démarre plus urgent pour une livraison client. écran noir au power on ventilateurs tournent. deadline aujourd hui 17h.
TRX-1020,Wi-Fi instable au 3ème étage Urgent pour une livraison client.,Le réseau sans fil coupe souvent dans la salle réunion B. Deadline aujourd'hui 17h.,network,medium,"Reset borne AP, vérifier couverture et canaux.",fr,synthetic_tritux_v1,wi-fi instable au 3ème étage urgent pour une livraison client.,le réseau sans fil coupe souvent dans la salle réunion b. deadline aujourd hui 17h.,wi-fi instable au 3ème étage urgent pour une livraison client. le réseau sans fil coupe souvent dans la salle réunion b. deadline aujourd hui 17h.
TRX-1351,Quota boîte mail saturé Problème reproduit sur 2 postes.,"Impossible de recevoir, 99 Go utilisés. Captures d'écran disponibles.",email,medium,Archivage online + purge.,fr,synthetic_tritux_v1,quota boîte mail saturé problème reproduit sur 2 postes.,impossible de recevoir 99 go utilisés. captures d écran disponibles.,quota boîte mail saturé problème reproduit sur 2 postes. impossible de recevoir 99 go utilisés. captures d écran disponibles.
TRX-1394,Question politique télétravail Depuis la dernière mise à jour Windows.,Jours autorisés hors site? Aucun changement matériel de mon côté.,other,low,Consulter RH / intranet.,fr,synthetic_tritux_v1,question politique télétravail depuis la dernière mise à jour windows.,jours autorisés hors site aucun changement matériel de mon côté.,question politique télétravail depuis la dernière mise à jour windows. jours autorisés hors site aucun changement matériel de mon côté.
TRX-1422,Erreur OneNote sync,Bloc-notes ne se synchronise plus.,software,low,Repair OneNote / Sign-out.,fr,synthetic_tritux_v1,erreur onenote sync,bloc-notes ne se synchronise plus.,erreur onenote sync bloc-notes ne se synchronise plus.
TRX-1180,Erreur licence Office 365,Produit non licencié après changement de poste.,software,high,Réactiver licence via compte Tritux.,fr,synthetic_tritux_v1,erreur licence office 365,produit non licencié après changement de poste.,erreur licence office 365 produit non licencié après changement de poste.
TRX-1428,Demande accès GitLab,Nouveau développeur sans accès dépôt. Occurrence #3.,account,medium,Ajouter groupe gitlab-devs.,fr,synthetic_tritux_v1,demande accès gitlab,nouveau développeur sans accès dépôt. occurrence 3.,demande accès gitlab nouveau développeur sans accès dépôt. occurrence 3.
TRX-1096,Ransomware suspicion fichiers chiffrés,Extensions .locked apparues sur mon dossier Documents.,security,urgent,"Débrancher réseau immédiatement, alerter SOC.",fr,synthetic_tritux_v1,ransomware suspicion fichiers chiffrés,extensions .locked apparues sur mon dossier documents.,ransomware suspicion fichiers chiffrés extensions .locked apparues sur mon dossier documents.
TRX-1093,MFA ne fonctionne plus Problème reproduit sur 2 postes.,Codes Authenticator incorrects pour la connexion Office. Captures d'écran disponibles.,security,high,Resynchroniser MFA / réenregistrer appareil.,fr,synthetic_tritux_v1,mfa ne fonctionne plus problème reproduit sur 2 postes.,codes authenticator incorrects pour la connexion office. captures d écran disponibles.,mfa ne fonctionne plus problème reproduit sur 2 postes. codes authenticator incorrects pour la connexion office. captures d écran disponibles.
TRX-1257,Mot de passe SSO expiré En télétravail uniquement.,"Impossible de se connecter, MDP expiré. Sur site le problème n'apparaît pas.",account,high,Reset via self-service ou agent identité.,fr,synthetic_tritux_v1,mot de passe sso expiré en télétravail uniquement.,impossible de se connecter mdp expiré. sur site le problème n apparaît pas.,mot de passe sso expiré en télétravail uniquement. impossible de se connecter mdp expiré. sur site le problème n apparaît pas.
TRX-1175,Navigateur Chrome très lent Merci de traiter rapidement.,"Onglets se figent, utilisation CPU élevée. Impact sur mon activité quotidienne.",software,medium,"Désactiver extensions, clear cache.",fr,synthetic_tritux_v1,navigateur chrome très lent merci de traiter rapidement.,onglets se figent utilisation cpu élevée. impact sur mon activité quotidienne.,navigateur chrome très lent merci de traiter rapidement. onglets se figent utilisation cpu élevée. impact sur mon activité quotidienne.
TRX-1068,Compte potentiellement compromis Urgent pour une livraison client.,Connexions inhabituelles depuis l'étranger dans les logs. Deadline aujourd'hui 17h.,security,urgent,"Révoquer sessions, reset MDP, MFA obligatoire.",fr,synthetic_tritux_v1,compte potentiellement compromis urgent pour une livraison client.,connexions inhabituelles depuis l étranger dans les logs. deadline aujourd hui 17h.,compte potentiellement compromis urgent pour une livraison client. connexions inhabituelles depuis l étranger dans les logs. deadline aujourd hui 17h.
TRX-1187,Zoom / Teams conflit audio Merci de traiter rapidement.,Micro non détecté pendant réunion. Impact sur mon activité quotidienne.,software,medium,Permissions Windows privacy + périphérique défaut.,fr,synthetic_tritux_v1,zoom / teams conflit audio merci de traiter rapidement.,micro non détecté pendant réunion. impact sur mon activité quotidienne.,zoom / teams conflit audio merci de traiter rapidement. micro non détecté pendant réunion. impact sur mon activité quotidienne.
TRX-1130,Excel plante à l'ouverture d'un fichier Depuis la dernière mise à jour Windows.,Fichier macro .xlsm provoque un crash Excel. Aucun changement matériel de mon côté.,software,medium,"Ouvrir sans macro, réparer fichier, MAJ Office.",fr,synthetic_tritux_v1,excel plante à l ouverture d un fichier depuis la dernière mise à jour windows.,fichier macro .xlsm provoque un crash excel. aucun changement matériel de mon côté.,excel plante à l ouverture d un fichier depuis la dernière mise à jour windows. fichier macro .xlsm provoque un crash excel. aucun changement matériel de mon côté.
TRX-1149,Installation Docker Desktop bloquée En télétravail uniquement.,"Besoin Docker pour le projet, droits insuffisants. Sur site le problème n'apparaît pas.",software,medium,Demande logiciel + validation sécurité.,fr,synthetic_tritux_v1,installation docker desktop bloquée en télétravail uniquement.,besoin docker pour le projet droits insuffisants. sur site le problème n apparaît pas.,installation docker desktop bloquée en télétravail uniquement. besoin docker pour le projet droits insuffisants. sur site le problème n apparaît pas.
TRX-1356,Règle de redirection suspecte Urgent pour une livraison client.,Mails forward auto vers externe. Deadline aujourd'hui 17h.,email,urgent,"Supprimer règle, reset MDP, audit.",fr,synthetic_tritux_v1,règle de redirection suspecte urgent pour une livraison client.,mails forward auto vers externe. deadline aujourd hui 17h.,règle de redirection suspecte urgent pour une livraison client. mails forward auto vers externe. deadline aujourd hui 17h.
TRX-1348,Quota boîte mail saturé,"Impossible de recevoir, 99 Go utilisés.",email,medium,Archivage online + purge.,fr,synthetic_tritux_v1,quota boîte mail saturé,impossible de recevoir 99 go utilisés.,quota boîte mail saturé impossible de recevoir 99 go utilisés.
TRX-1217,PC ne démarre plus Merci de traiter rapidement.,"Écran noir au power on, ventilateurs tournent. Impact sur mon activité quotidienne.",hardware,high,"Tester RAM/écran externe, atelier.",fr,synthetic_tritux_v1,pc ne démarre plus merci de traiter rapidement.,écran noir au power on ventilateurs tournent. impact sur mon activité quotidienne.,pc ne démarre plus merci de traiter rapidement. écran noir au power on ventilateurs tournent. impact sur mon activité quotidienne.
TRX-1268,Demande de création compte prestataire Depuis la dernière mise à jour Windows.,Nouveau prestataire a besoin d'un accès mail. Aucun changement matériel de mon côté.,account,medium,Process onboarding RH + IT.,fr,synthetic_tritux_v1,demande de création compte prestataire depuis la dernière mise à jour windows.,nouveau prestataire a besoin d un accès mail. aucun changement matériel de mon côté.,demande de création compte prestataire depuis la dernière mise à jour windows. nouveau prestataire a besoin d un accès mail. aucun changement matériel de mon côté.
TRX-1233,Webcam intégrée noire En télétravail uniquement.,Caméra allumée mais image noire dans Teams. Sur site le problème n'apparaît pas.,hardware,medium,"Réinstaller pilote caméra, privacy settings.",fr,synthetic_tritux_v1,webcam intégrée noire en télétravail uniquement.,caméra allumée mais image noire dans teams. sur site le problème n apparaît pas.,webcam intégrée noire en télétravail uniquement. caméra allumée mais image noire dans teams. sur site le problème n apparaît pas.
TRX-1212,Batterie PC portable se décharge vite Urgent pour une livraison client.,Autonomie < 1h alors que neuve il y a 2 ans. Deadline aujourd'hui 17h.,hardware,medium,"Diagnostic batterie, remplacement si usée.",fr,synthetic_tritux_v1,batterie pc portable se décharge vite urgent pour une livraison client.,autonomie 1h alors que neuve il y a 2 ans. deadline aujourd hui 17h.,batterie pc portable se décharge vite urgent pour une livraison client. autonomie 1h alors que neuve il y a 2 ans. deadline aujourd hui 17h.
TRX-1038,DNS ne résout pas les sites internes Urgent pour une livraison client.,intranet.tritux.local ne répond pas. Deadline aujourd'hui 17h.,network,high,"Pointer DNS vers contrôleurs Tritux, flushdns.",fr,synthetic_tritux_v1,dns ne résout pas les sites internes urgent pour une livraison client.,intranet.tritux.local ne répond pas. deadline aujourd hui 17h.,dns ne résout pas les sites internes urgent pour une livraison client. intranet.tritux.local ne répond pas. deadline aujourd hui 17h.
TRX-1347,Calendrier Teams non synchronisé En télétravail uniquement.,RDV Outlook absents de Teams. Sur site le problème n'apparaît pas.,email,medium,Repair sync M365 calendar.,fr,synthetic_tritux_v1,calendrier teams non synchronisé en télétravail uniquement.,rdv outlook absents de teams. sur site le problème n apparaît pas.,calendrier teams non synchronisé en télétravail uniquement. rdv outlook absents de teams. sur site le problème n apparaît pas.
TRX-1198,Clavier certain touches mortes,Touches E et R ne répondent plus.,hardware,low,Nettoyage / remplacement clavier.,fr,synthetic_tritux_v1,clavier certain touches mortes,touches e et r ne répondent plus.,clavier certain touches mortes touches e et r ne répondent plus.
TRX-1225,Imprimante bureau n'imprime pas Problème reproduit sur 2 postes.,"Travaux en file d'attente, status offline. Captures d'écran disponibles.",hardware,medium,"Redémarrer spooler, vérifier IP imprimante.",fr,synthetic_tritux_v1,imprimante bureau n imprime pas problème reproduit sur 2 postes.,travaux en file d attente status offline. captures d écran disponibles.,imprimante bureau n imprime pas problème reproduit sur 2 postes. travaux en file d attente status offline. captures d écran disponibles.
TRX-1050,Proxy bloque certains sites pro Urgent pour une livraison client.,Accès refusé via proxy pour un outil SaaS métier. Deadline aujourd'hui 17h.,network,medium,Demander exception proxy / whitelist.,fr,synthetic_tritux_v1,proxy bloque certains sites pro urgent pour une livraison client.,accès refusé via proxy pour un outil saas métier. deadline aujourd hui 17h.,proxy bloque certains sites pro urgent pour une livraison client. accès refusé via proxy pour un outil saas métier. deadline aujourd hui 17h.
TRX-1144,Installation Docker Desktop bloquée,"Besoin Docker pour le projet, droits insuffisants.",software,medium,Demande logiciel + validation sécurité.,fr,synthetic_tritux_v1,installation docker desktop bloquée,besoin docker pour le projet droits insuffisants.,installation docker desktop bloquée besoin docker pour le projet droits insuffisants.
TRX-1409,Imprimante imprime des pages blanches - besoin aide,Toner semble OK mais sorties blanches. Occurrence #4.,hardware,low,"Tambour/toner, test page.",fr,synthetic_tritux_v1,imprimante imprime des pages blanches - besoin aide,toner semble ok mais sorties blanches. occurrence 4.,imprimante imprime des pages blanches - besoin aide toner semble ok mais sorties blanches. occurrence 4.
TRX-1100,Ransomware suspicion fichiers chiffrés Depuis la dernière mise à jour Windows.,Extensions .locked apparues sur mon dossier Documents. Aucun changement matériel de mon côté.,security,urgent,"Débrancher réseau immédiatement, alerter SOC.",fr,synthetic_tritux_v1,ransomware suspicion fichiers chiffrés depuis la dernière mise à jour windows.,extensions .locked apparues sur mon dossier documents. aucun changement matériel de mon côté.,ransomware suspicion fichiers chiffrés depuis la dernière mise à jour windows. extensions .locked apparues sur mon dossier documents. aucun changement matériel de mon côté.
TRX-1281,Changement de nom suite mariage En télétravail uniquement.,Mettre à jour display name et email. Sur site le problème n'apparaît pas.,account,low,Ticket identité + sync HRIS.,fr,synthetic_tritux_v1,changement de nom suite mariage en télétravail uniquement.,mettre à jour display name et email. sur site le problème n apparaît pas.,changement de nom suite mariage en télétravail uniquement. mettre à jour display name et email. sur site le problème n apparaît pas.
TRX-1085,USB non autorisé bloqué Merci de traiter rapidement.,Clé USB refusée par la politique de sécurité. Impact sur mon activité quotidienne.,security,low,"Utiliser OneDrive Tritux, demander exception SI.",fr,synthetic_tritux_v1,usb non autorisé bloqué merci de traiter rapidement.,clé usb refusée par la politique de sécurité. impact sur mon activité quotidienne.,usb non autorisé bloqué merci de traiter rapidement. clé usb refusée par la politique de sécurité. impact sur mon activité quotidienne.
TRX-1026,Impossible d'accéder au partage réseau Urgent pour une livraison client.,"\\tritux-fs01\projets inaccessible, erreur d'accès refusé. Deadline aujourd'hui 17h.",network,medium,Vérifier droits SMB et VPN si hors site.,fr,synthetic_tritux_v1,impossible d accéder au partage réseau urgent pour une livraison client.,tritux-fs01 projets inaccessible erreur d accès refusé. deadline aujourd hui 17h.,impossible d accéder au partage réseau urgent pour une livraison client. tritux-fs01 projets inaccessible erreur d accès refusé. deadline aujourd hui 17h.
TRX-1200,Clavier certain touches mortes Urgent pour une livraison client.,Touches E et R ne répondent plus. Deadline aujourd'hui 17h.,hardware,low,Nettoyage / remplacement clavier.,fr,synthetic_tritux_v1,clavier certain touches mortes urgent pour une livraison client.,touches e et r ne répondent plus. deadline aujourd hui 17h.,clavier certain touches mortes urgent pour une livraison client. touches e et r ne répondent plus. deadline aujourd hui 17h.
TRX-1127,Excel plante à l'ouverture d'un fichier Merci de traiter rapidement.,Fichier macro .xlsm provoque un crash Excel. Impact sur mon activité quotidienne.,software,medium,"Ouvrir sans macro, réparer fichier, MAJ Office.",fr,synthetic_tritux_v1,excel plante à l ouverture d un fichier merci de traiter rapidement.,fichier macro .xlsm provoque un crash excel. impact sur mon activité quotidienne.,excel plante à l ouverture d un fichier merci de traiter rapidement. fichier macro .xlsm provoque un crash excel. impact sur mon activité quotidienne.
TRX-1066,Compte potentiellement compromis,Connexions inhabituelles depuis l'étranger dans les logs.,security,urgent,"Révoquer sessions, reset MDP, MFA obligatoire.",fr,synthetic_tritux_v1,compte potentiellement compromis,connexions inhabituelles depuis l étranger dans les logs.,compte potentiellement compromis connexions inhabituelles depuis l étranger dans les logs.
TRX-1340,Mails partent en spam chez clients Depuis la dernière mise à jour Windows.,Plaintes SPF/DKIM fail. Aucun changement matériel de mon côté.,email,high,Vérifier enregistrements DNS mail.,fr,synthetic_tritux_v1,mails partent en spam chez clients depuis la dernière mise à jour windows.,plaintes spf/dkim fail. aucun changement matériel de mon côté.,mails partent en spam chez clients depuis la dernière mise à jour windows. plaintes spf/dkim fail. aucun changement matériel de mon côté.
TRX-1363,Distribution list non à jour Problème reproduit sur 2 postes.,Liste all-staff contient anciens employés. Captures d'écran disponibles.,email,low,Sync HR + nettoyage DL.,fr,synthetic_tritux_v1,distribution list non à jour problème reproduit sur 2 postes.,liste all-staff contient anciens employés. captures d écran disponibles.,distribution list non à jour problème reproduit sur 2 postes. liste all-staff contient anciens employés. captures d écran disponibles.
TRX-1209,Souris sans fil se déconnecte En télétravail uniquement.,Dongle Logitech instable. Sur site le problème n'apparaît pas.,hardware,low,"Changer piles, port USB, réappairage.",fr,synthetic_tritux_v1,souris sans fil se déconnecte en télétravail uniquement.,dongle logitech instable. sur site le problème n apparaît pas.,souris sans fil se déconnecte en télétravail uniquement. dongle logitech instable. sur site le problème n apparaît pas.
TRX-1053,Proxy bloque certains sites pro En télétravail uniquement.,Accès refusé via proxy pour un outil SaaS métier. Sur site le problème n'apparaît pas.,network,medium,Demander exception proxy / whitelist.,fr,synthetic_tritux_v1,proxy bloque certains sites pro en télétravail uniquement.,accès refusé via proxy pour un outil saas métier. sur site le problème n apparaît pas.,proxy bloque certains sites pro en télétravail uniquement. accès refusé via proxy pour un outil saas métier. sur site le problème n apparaît pas.
TRX-1151,VS Code extensions manquantes Merci de traiter rapidement.,Environnement de dév incomplet après reset poste. Impact sur mon activité quotidienne.,software,low,Réinstaller pack extensions Tritux.,fr,synthetic_tritux_v1,vs code extensions manquantes merci de traiter rapidement.,environnement de dév incomplet après reset poste. impact sur mon activité quotidienne.,vs code extensions manquantes merci de traiter rapidement. environnement de dév incomplet après reset poste. impact sur mon activité quotidienne.
TRX-1244,Dock USB-C non détecté Depuis la dernière mise à jour Windows.,Écrans externes ne s'allument plus via dock. Aucun changement matériel de mon côté.,hardware,medium,"MAJ firmware dock, tester autre câble.",fr,synthetic_tritux_v1,dock usb-c non détecté depuis la dernière mise à jour windows.,écrans externes ne s allument plus via dock. aucun changement matériel de mon côté.,dock usb-c non détecté depuis la dernière mise à jour windows. écrans externes ne s allument plus via dock. aucun changement matériel de mon côté.
TRX-1249,Casque audio crackle Problème reproduit sur 2 postes.,Bruits parasites sur casque USB. Captures d'écran disponibles.,hardware,low,"Changer port USB, pilote audio.",fr,synthetic_tritux_v1,casque audio crackle problème reproduit sur 2 postes.,bruits parasites sur casque usb. captures d écran disponibles.,casque audio crackle problème reproduit sur 2 postes. bruits parasites sur casque usb. captures d écran disponibles.
TRX-1184,Erreur licence Office 365 Depuis la dernière mise à jour Windows.,Produit non licencié après changement de poste. Aucun changement matériel de mon côté.,software,high,Réactiver licence via compte Tritux.,fr,synthetic_tritux_v1,erreur licence office 365 depuis la dernière mise à jour windows.,produit non licencié après changement de poste. aucun changement matériel de mon côté.,erreur licence office 365 depuis la dernière mise à jour windows. produit non licencié après changement de poste. aucun changement matériel de mon côté.
TRX-1074,Alerte antivirus malware détecté Urgent pour une livraison client.,Windows Defender a mis en quarantaine un fichier.exe téléchargé. Deadline aujourd'hui 17h.,security,urgent,"Ne pas restaurer, scanner complet, isoler poste.",fr,synthetic_tritux_v1,alerte antivirus malware détecté urgent pour une livraison client.,windows defender a mis en quarantaine un fichier.exe téléchargé. deadline aujourd hui 17h.,alerte antivirus malware détecté urgent pour une livraison client. windows defender a mis en quarantaine un fichier.exe téléchargé. deadline aujourd hui 17h.
TRX-1031,Latence élevée sur Teams Merci de traiter rapidement.,Appels Teams avec décalage audio important. Impact sur mon activité quotidienne.,network,medium,"Tester bande passante, QoS, fermer VPN split tunnel.",fr,synthetic_tritux_v1,latence élevée sur teams merci de traiter rapidement.,appels teams avec décalage audio important. impact sur mon activité quotidienne.,latence élevée sur teams merci de traiter rapidement. appels teams avec décalage audio important. impact sur mon activité quotidienne.
TRX-1072,Alerte antivirus malware détecté,Windows Defender a mis en quarantaine un fichier.exe téléchargé.,security,urgent,"Ne pas restaurer, scanner complet, isoler poste.",fr,synthetic_tritux_v1,alerte antivirus malware détecté,windows defender a mis en quarantaine un fichier.exe téléchargé.,alerte antivirus malware détecté windows defender a mis en quarantaine un fichier.exe téléchargé.
TRX-1133,Teams ne rejoint pas les réunions Merci de traiter rapidement.,"Bouton Rejoindre grisé, erreur média. Impact sur mon activité quotidienne.",software,medium,"Clear cache Teams, réinstaller client.",fr,synthetic_tritux_v1,teams ne rejoint pas les réunions merci de traiter rapidement.,bouton rejoindre grisé erreur média. impact sur mon activité quotidienne.,teams ne rejoint pas les réunions merci de traiter rapidement. bouton rejoindre grisé erreur média. impact sur mon activité quotidienne.
TRX-1314,Mails n'arrivent plus en réception Urgent pour une livraison client.,"Boîte vide depuis hier, envoi OK. Deadline aujourd'hui 17h.",email,high,"Règles Outlook, quarantaine, MX.",fr,synthetic_tritux_v1,mails n arrivent plus en réception urgent pour une livraison client.,boîte vide depuis hier envoi ok. deadline aujourd hui 17h.,mails n arrivent plus en réception urgent pour une livraison client. boîte vide depuis hier envoi ok. deadline aujourd hui 17h.
TRX-1228,Webcam intégrée noire,Caméra allumée mais image noire dans Teams.,hardware,medium,"Réinstaller pilote caméra, privacy settings.",fr,synthetic_tritux_v1,webcam intégrée noire,caméra allumée mais image noire dans teams.,webcam intégrée noire caméra allumée mais image noire dans teams.
TRX-1188,Zoom / Teams conflit audio Urgent pour une livraison client.,Micro non détecté pendant réunion. Deadline aujourd'hui 17h.,software,medium,Permissions Windows privacy + périphérique défaut.,fr,synthetic_tritux_v1,zoom / teams conflit audio urgent pour une livraison client.,micro non détecté pendant réunion. deadline aujourd hui 17h.,zoom / teams conflit audio urgent pour une livraison client. micro non détecté pendant réunion. deadline aujourd hui 17h.
TRX-1240,Dock USB-C non détecté,Écrans externes ne s'allument plus via dock.,hardware,medium,"MAJ firmware dock, tester autre câble.",fr,synthetic_tritux_v1,dock usb-c non détecté,écrans externes ne s allument plus via dock.,dock usb-c non détecté écrans externes ne s allument plus via dock.
TRX-1120,Outlook ne démarre plus,Outlook plante au lancement avec erreur 0x8004010F.,software,high,"Réparer Office, mode sans échec, nouveau profil.",fr,synthetic_tritux_v1,outlook ne démarre plus,outlook plante au lancement avec erreur 0x8004010f.,outlook ne démarre plus outlook plante au lancement avec erreur 0x8004010f.
TRX-1076,Alerte antivirus malware détecté Depuis la dernière mise à jour Windows.,Windows Defender a mis en quarantaine un fichier.exe téléchargé. Aucun changement matériel de mon côté.,security,urgent,"Ne pas restaurer, scanner complet, isoler poste.",fr,synthetic_tritux_v1,alerte antivirus malware détecté depuis la dernière mise à jour windows.,windows defender a mis en quarantaine un fichier.exe téléchargé. aucun changement matériel de mon côté.,alerte antivirus malware détecté depuis la dernière mise à jour windows. windows defender a mis en quarantaine un fichier.exe téléchargé. aucun changement matériel de mon côté.
TRX-1210,Batterie PC portable se décharge vite,Autonomie < 1h alors que neuve il y a 2 ans.,hardware,medium,"Diagnostic batterie, remplacement si usée.",fr,synthetic_tritux_v1,batterie pc portable se décharge vite,autonomie 1h alors que neuve il y a 2 ans.,batterie pc portable se décharge vite autonomie 1h alors que neuve il y a 2 ans.
TRX-1156,Adobe Reader ne s'ouvre pas,PDF s'ouvre dans le navigateur uniquement.,software,low,Réparer/réinstaller Acrobat Reader.,fr,synthetic_tritux_v1,adobe reader ne s ouvre pas,pdf s ouvre dans le navigateur uniquement.,adobe reader ne s ouvre pas pdf s ouvre dans le navigateur uniquement.
TRX-1411,Connexion SSO lente - besoin aide,Login Azure AD prend plus de 2 minutes. Occurrence #2.,account,medium,Vérifier réseau et MFA latency.,fr,synthetic_tritux_v1,connexion sso lente - besoin aide,login azure ad prend plus de 2 minutes. occurrence 2.,connexion sso lente - besoin aide login azure ad prend plus de 2 minutes. occurrence 2.
TRX-1010,VPN se déconnecte toutes les 10 minutes Depuis la dernière mise à jour Windows.,"La session VPN tombe régulièrement, surtout sur Wi-Fi public. Aucun changement matériel de mon côté.",network,high,"Stabiliser la session: keepalive, MTU, éviter captive portal.",fr,synthetic_tritux_v1,vpn se déconnecte toutes les 10 minutes depuis la dernière mise à jour windows.,la session vpn tombe régulièrement surtout sur wi-fi public. aucun changement matériel de mon côté.,vpn se déconnecte toutes les 10 minutes depuis la dernière mise à jour windows. la session vpn tombe régulièrement surtout sur wi-fi public. aucun changement matériel de mon côté.
TRX-1380,Réservation salle réunion outil Urgent pour une livraison client.,Comment réserver la salle Innovate? Deadline aujourd'hui 17h.,other,low,Utiliser Outlook room finder.,fr,synthetic_tritux_v1,réservation salle réunion outil urgent pour une livraison client.,comment réserver la salle innovate deadline aujourd hui 17h.,réservation salle réunion outil urgent pour une livraison client. comment réserver la salle innovate deadline aujourd hui 17h.
TRX-1129,Excel plante à l'ouverture d'un fichier Problème reproduit sur 2 postes.,Fichier macro .xlsm provoque un crash Excel. Captures d'écran disponibles.,software,medium,"Ouvrir sans macro, réparer fichier, MAJ Office.",fr,synthetic_tritux_v1,excel plante à l ouverture d un fichier problème reproduit sur 2 postes.,fichier macro .xlsm provoque un crash excel. captures d écran disponibles.,excel plante à l ouverture d un fichier problème reproduit sur 2 postes. fichier macro .xlsm provoque un crash excel. captures d écran disponibles.
TRX-1007,VPN se déconnecte toutes les 10 minutes Merci de traiter rapidement.,"La session VPN tombe régulièrement, surtout sur Wi-Fi public. Impact sur mon activité quotidienne.",network,high,"Stabiliser la session: keepalive, MTU, éviter captive portal.",fr,synthetic_tritux_v1,vpn se déconnecte toutes les 10 minutes merci de traiter rapidement.,la session vpn tombe régulièrement surtout sur wi-fi public. impact sur mon activité quotidienne.,vpn se déconnecte toutes les 10 minutes merci de traiter rapidement. la session vpn tombe régulièrement surtout sur wi-fi public. impact sur mon activité quotidienne.
TRX-1261,Compte verrouillé après tentatives Problème reproduit sur 2 postes.,"Trop d'échecs de connexion, compte lock. Captures d'écran disponibles.",account,high,Unlock Active Directory / Azure AD.,fr,synthetic_tritux_v1,compte verrouillé après tentatives problème reproduit sur 2 postes.,trop d échecs de connexion compte lock. captures d écran disponibles.,compte verrouillé après tentatives problème reproduit sur 2 postes. trop d échecs de connexion compte lock. captures d écran disponibles.
TRX-1296,Double authentification à configurer Urgent pour une livraison client.,Onboarding: activer MFA obligatoire. Deadline aujourd'hui 17h.,account,medium,Guide enrollment Authenticator.,fr,synthetic_tritux_v1,double authentification à configurer urgent pour une livraison client.,onboarding activer mfa obligatoire. deadline aujourd hui 17h.,double authentification à configurer urgent pour une livraison client. onboarding activer mfa obligatoire. deadline aujourd hui 17h.
TRX-1264,Demande de création compte prestataire,Nouveau prestataire a besoin d'un accès mail.,account,medium,Process onboarding RH + IT.,fr,synthetic_tritux_v1,demande de création compte prestataire,nouveau prestataire a besoin d un accès mail.,demande de création compte prestataire nouveau prestataire a besoin d un accès mail.
TRX-1159,Adobe Reader ne s'ouvre pas Problème reproduit sur 2 postes.,PDF s'ouvre dans le navigateur uniquement. Captures d'écran disponibles.,software,low,Réparer/réinstaller Acrobat Reader.,fr,synthetic_tritux_v1,adobe reader ne s ouvre pas problème reproduit sur 2 postes.,pdf s ouvre dans le navigateur uniquement. captures d écran disponibles.,adobe reader ne s ouvre pas problème reproduit sur 2 postes. pdf s ouvre dans le navigateur uniquement. captures d écran disponibles.
TRX-1375,Demande formation Excel avancé Problème reproduit sur 2 postes.,Souhait formation tableaux croisés. Captures d'écran disponibles.,other,low,Orienter catalogue formation Tritux.,fr,synthetic_tritux_v1,demande formation excel avancé problème reproduit sur 2 postes.,souhait formation tableaux croisés. captures d écran disponibles.,demande formation excel avancé problème reproduit sur 2 postes. souhait formation tableaux croisés. captures d écran disponibles.
TRX-1286,Désactivation compte collaborateur sorti Depuis la dernière mise à jour Windows.,Offboarding: désactiver compte demain 18h. Aucun changement matériel de mon côté.,account,high,Checklist offboarding AD/M365.,fr,synthetic_tritux_v1,désactivation compte collaborateur sorti depuis la dernière mise à jour windows.,offboarding désactiver compte demain 18h. aucun changement matériel de mon côté.,désactivation compte collaborateur sorti depuis la dernière mise à jour windows. offboarding désactiver compte demain 18h. aucun changement matériel de mon côté.
TRX-1368,Erreur NDR 5.7.1 Urgent pour une livraison client.,Envoi interne refusé avec NDR. Deadline aujourd'hui 17h.,email,medium,Permissions send-as / connector.,fr,synthetic_tritux_v1,erreur ndr 5.7.1 urgent pour une livraison client.,envoi interne refusé avec ndr. deadline aujourd hui 17h.,erreur ndr 5.7.1 urgent pour une livraison client. envoi interne refusé avec ndr. deadline aujourd hui 17h.
TRX-1014,Pas d'accès Internet sur le poste Urgent pour une livraison client.,Plus de navigation web ni ping 8.8.8.8 depuis ce matin. Deadline aujourd'hui 17h.,network,high,"Vérifier câble/Wi-Fi, DHCP, proxy Tritux.",fr,synthetic_tritux_v1,pas d accès internet sur le poste urgent pour une livraison client.,plus de navigation web ni ping 8.8.8.8 depuis ce matin. deadline aujourd hui 17h.,pas d accès internet sur le poste urgent pour une livraison client. plus de navigation web ni ping 8.8.8.8 depuis ce matin. deadline aujourd hui 17h.
TRX-1055,Perte de connexion après veille Merci de traiter rapidement.,"Après sleep Windows, plus de réseau jusqu'au reboot. Impact sur mon activité quotidienne.",network,medium,"Mettre à jour pilote NIC, désactiver energy saving.",fr,synthetic_tritux_v1,perte de connexion après veille merci de traiter rapidement.,après sleep windows plus de réseau jusqu au reboot. impact sur mon activité quotidienne.,perte de connexion après veille merci de traiter rapidement. après sleep windows plus de réseau jusqu au reboot. impact sur mon activité quotidienne.
TRX-1075,Alerte antivirus malware détecté Problème reproduit sur 2 postes.,Windows Defender a mis en quarantaine un fichier.exe téléchargé. Captures d'écran disponibles.,security,urgent,"Ne pas restaurer, scanner complet, isoler poste.",fr,synthetic_tritux_v1,alerte antivirus malware détecté problème reproduit sur 2 postes.,windows defender a mis en quarantaine un fichier.exe téléchargé. captures d écran disponibles.,alerte antivirus malware détecté problème reproduit sur 2 postes. windows defender a mis en quarantaine un fichier.exe téléchargé. captures d écran disponibles.
TRX-1238,Ventilateur très bruyant Depuis la dernière mise à jour Windows.,PC surchauffe et throttle en réunion. Aucun changement matériel de mon côté.,hardware,medium,"Nettoyage poussière, paste thermique.",fr,synthetic_tritux_v1,ventilateur très bruyant depuis la dernière mise à jour windows.,pc surchauffe et throttle en réunion. aucun changement matériel de mon côté.,ventilateur très bruyant depuis la dernière mise à jour windows. pc surchauffe et throttle en réunion. aucun changement matériel de mon côté.
TRX-1039,DNS ne résout pas les sites internes Problème reproduit sur 2 postes.,intranet.tritux.local ne répond pas. Captures d'écran disponibles.,network,high,"Pointer DNS vers contrôleurs Tritux, flushdns.",fr,synthetic_tritux_v1,dns ne résout pas les sites internes problème reproduit sur 2 postes.,intranet.tritux.local ne répond pas. captures d écran disponibles.,dns ne résout pas les sites internes problème reproduit sur 2 postes. intranet.tritux.local ne répond pas. captures d écran disponibles.
TRX-1278,Changement de nom suite mariage Urgent pour une livraison client.,Mettre à jour display name et email. Deadline aujourd'hui 17h.,account,low,Ticket identité + sync HRIS.,fr,synthetic_tritux_v1,changement de nom suite mariage urgent pour une livraison client.,mettre à jour display name et email. deadline aujourd hui 17h.,changement de nom suite mariage urgent pour une livraison client. mettre à jour display name et email. deadline aujourd hui 17h.
TRX-1358,Règle de redirection suspecte Depuis la dernière mise à jour Windows.,Mails forward auto vers externe. Aucun changement matériel de mon côté.,email,urgent,"Supprimer règle, reset MDP, audit.",fr,synthetic_tritux_v1,règle de redirection suspecte depuis la dernière mise à jour windows.,mails forward auto vers externe. aucun changement matériel de mon côté.,règle de redirection suspecte depuis la dernière mise à jour windows. mails forward auto vers externe. aucun changement matériel de mon côté.
TRX-1323,Pièces jointes bloquées En télétravail uniquement.,PDF > 10 Mo refusés à l'envoi. Sur site le problème n'apparaît pas.,email,medium,"Utiliser OneDrive link, quota PJ.",fr,synthetic_tritux_v1,pièces jointes bloquées en télétravail uniquement.,pdf 10 mo refusés à l envoi. sur site le problème n apparaît pas.,pièces jointes bloquées en télétravail uniquement. pdf 10 mo refusés à l envoi. sur site le problème n apparaît pas.
TRX-1369,Erreur NDR 5.7.1 Problème reproduit sur 2 postes.,Envoi interne refusé avec NDR. Captures d'écran disponibles.,email,medium,Permissions send-as / connector.,fr,synthetic_tritux_v1,erreur ndr 5.7.1 problème reproduit sur 2 postes.,envoi interne refusé avec ndr. captures d écran disponibles.,erreur ndr 5.7.1 problème reproduit sur 2 postes. envoi interne refusé avec ndr. captures d écran disponibles.
TRX-1251,Casque audio crackle En télétravail uniquement.,Bruits parasites sur casque USB. Sur site le problème n'apparaît pas.,hardware,low,"Changer port USB, pilote audio.",fr,synthetic_tritux_v1,casque audio crackle en télétravail uniquement.,bruits parasites sur casque usb. sur site le problème n apparaît pas.,casque audio crackle en télétravail uniquement. bruits parasites sur casque usb. sur site le problème n apparaît pas.
TRX-1099,Ransomware suspicion fichiers chiffrés Problème reproduit sur 2 postes.,Extensions .locked apparues sur mon dossier Documents. Captures d'écran disponibles.,security,urgent,"Débrancher réseau immédiatement, alerter SOC.",fr,synthetic_tritux_v1,ransomware suspicion fichiers chiffrés problème reproduit sur 2 postes.,extensions .locked apparues sur mon dossier documents. captures d écran disponibles.,ransomware suspicion fichiers chiffrés problème reproduit sur 2 postes. extensions .locked apparues sur mon dossier documents. captures d écran disponibles.
TRX-1272,Droits accès SharePoint manquants Urgent pour une livraison client.,Pas d'accès au site projet Alpha. Deadline aujourd'hui 17h.,account,medium,Ajouter au groupe Azure AD du site.,fr,synthetic_tritux_v1,droits accès sharepoint manquants urgent pour une livraison client.,pas d accès au site projet alpha. deadline aujourd hui 17h.,droits accès sharepoint manquants urgent pour une livraison client. pas d accès au site projet alpha. deadline aujourd hui 17h.
TRX-1097,Ransomware suspicion fichiers chiffrés Merci de traiter rapidement.,Extensions .locked apparues sur mon dossier Documents. Impact sur mon activité quotidienne.,security,urgent,"Débrancher réseau immédiatement, alerter SOC.",fr,synthetic_tritux_v1,ransomware suspicion fichiers chiffrés merci de traiter rapidement.,extensions .locked apparues sur mon dossier documents. impact sur mon activité quotidienne.,ransomware suspicion fichiers chiffrés merci de traiter rapidement. extensions .locked apparues sur mon dossier documents. impact sur mon activité quotidienne.
TRX-1154,VS Code extensions manquantes Depuis la dernière mise à jour Windows.,Environnement de dév incomplet après reset poste. Aucun changement matériel de mon côté.,software,low,Réinstaller pack extensions Tritux.,fr,synthetic_tritux_v1,vs code extensions manquantes depuis la dernière mise à jour windows.,environnement de dév incomplet après reset poste. aucun changement matériel de mon côté.,vs code extensions manquantes depuis la dernière mise à jour windows. environnement de dév incomplet après reset poste. aucun changement matériel de mon côté.
TRX-1178,Navigateur Chrome très lent Depuis la dernière mise à jour Windows.,"Onglets se figent, utilisation CPU élevée. Aucun changement matériel de mon côté.",software,medium,"Désactiver extensions, clear cache.",fr,synthetic_tritux_v1,navigateur chrome très lent depuis la dernière mise à jour windows.,onglets se figent utilisation cpu élevée. aucun changement matériel de mon côté.,navigateur chrome très lent depuis la dernière mise à jour windows. onglets se figent utilisation cpu élevée. aucun changement matériel de mon côté.
TRX-1344,Calendrier Teams non synchronisé Urgent pour une livraison client.,RDV Outlook absents de Teams. Deadline aujourd'hui 17h.,email,medium,Repair sync M365 calendar.,fr,synthetic_tritux_v1,calendrier teams non synchronisé urgent pour une livraison client.,rdv outlook absents de teams. deadline aujourd hui 17h.,calendrier teams non synchronisé urgent pour une livraison client. rdv outlook absents de teams. deadline aujourd hui 17h.
TRX-1353,Quota boîte mail saturé En télétravail uniquement.,"Impossible de recevoir, 99 Go utilisés. Sur site le problème n'apparaît pas.",email,medium,Archivage online + purge.,fr,synthetic_tritux_v1,quota boîte mail saturé en télétravail uniquement.,impossible de recevoir 99 go utilisés. sur site le problème n apparaît pas.,quota boîte mail saturé en télétravail uniquement. impossible de recevoir 99 go utilisés. sur site le problème n apparaît pas.
TRX-1262,Compte verrouillé après tentatives Depuis la dernière mise à jour Windows.,"Trop d'échecs de connexion, compte lock. Aucun changement matériel de mon côté.",account,high,Unlock Active Directory / Azure AD.,fr,synthetic_tritux_v1,compte verrouillé après tentatives depuis la dernière mise à jour windows.,trop d échecs de connexion compte lock. aucun changement matériel de mon côté.,compte verrouillé après tentatives depuis la dernière mise à jour windows. trop d échecs de connexion compte lock. aucun changement matériel de mon côté.
TRX-1203,Clavier certain touches mortes En télétravail uniquement.,Touches E et R ne répondent plus. Sur site le problème n'apparaît pas.,hardware,low,Nettoyage / remplacement clavier.,fr,synthetic_tritux_v1,clavier certain touches mortes en télétravail uniquement.,touches e et r ne répondent plus. sur site le problème n apparaît pas.,clavier certain touches mortes en télétravail uniquement. touches e et r ne répondent plus. sur site le problème n apparaît pas.
TRX-1254,Mot de passe SSO expiré Urgent pour une livraison client.,"Impossible de se connecter, MDP expiré. Deadline aujourd'hui 17h.",account,high,Reset via self-service ou agent identité.,fr,synthetic_tritux_v1,mot de passe sso expiré urgent pour une livraison client.,impossible de se connecter mdp expiré. deadline aujourd hui 17h.,mot de passe sso expiré urgent pour une livraison client. impossible de se connecter mdp expiré. deadline aujourd hui 17h.
TRX-1419,Câble réseau coupé open-space - besoin aide,Poste voisin aussi offline. Occurrence #2.,network,medium,Vérifier switch étage.,fr,synthetic_tritux_v1,câble réseau coupé open-space - besoin aide,poste voisin aussi offline. occurrence 2.,câble réseau coupé open-space - besoin aide poste voisin aussi offline. occurrence 2.
TRX-1206,Souris sans fil se déconnecte Urgent pour une livraison client.,Dongle Logitech instable. Deadline aujourd'hui 17h.,hardware,low,"Changer piles, port USB, réappairage.",fr,synthetic_tritux_v1,souris sans fil se déconnecte urgent pour une livraison client.,dongle logitech instable. deadline aujourd hui 17h.,souris sans fil se déconnecte urgent pour une livraison client. dongle logitech instable. deadline aujourd hui 17h.
TRX-1371,Erreur NDR 5.7.1 En télétravail uniquement.,Envoi interne refusé avec NDR. Sur site le problème n'apparaît pas.,email,medium,Permissions send-as / connector.,fr,synthetic_tritux_v1,erreur ndr 5.7.1 en télétravail uniquement.,envoi interne refusé avec ndr. sur site le problème n apparaît pas.,erreur ndr 5.7.1 en télétravail uniquement. envoi interne refusé avec ndr. sur site le problème n apparaît pas.
TRX-1406,Imprimante imprime des pages blanches,Toner semble OK mais sorties blanches.,hardware,low,"Tambour/toner, test page.",fr,synthetic_tritux_v1,imprimante imprime des pages blanches,toner semble ok mais sorties blanches.,imprimante imprime des pages blanches toner semble ok mais sorties blanches.
TRX-1201,Clavier certain touches mortes Problème reproduit sur 2 postes.,Touches E et R ne répondent plus. Captures d'écran disponibles.,hardware,low,Nettoyage / remplacement clavier.,fr,synthetic_tritux_v1,clavier certain touches mortes problème reproduit sur 2 postes.,touches e et r ne répondent plus. captures d écran disponibles.,clavier certain touches mortes problème reproduit sur 2 postes. touches e et r ne répondent plus. captures d écran disponibles.
TRX-1439,Mailing list projet à créer - besoin aide,Créer liste projet-nova@tritux.com. Occurrence #2.,email,low,Créer DL Exchange.,fr,synthetic_tritux_v1,mailing list projet à créer - besoin aide,créer liste occurrence 2.,mailing list projet à créer - besoin aide créer liste occurrence 2.
TRX-1179,Navigateur Chrome très lent En télétravail uniquement.,"Onglets se figent, utilisation CPU élevée. Sur site le problème n'apparaît pas.",software,medium,"Désactiver extensions, clear cache.",fr,synthetic_tritux_v1,navigateur chrome très lent en télétravail uniquement.,onglets se figent utilisation cpu élevée. sur site le problème n apparaît pas.,navigateur chrome très lent en télétravail uniquement. onglets se figent utilisation cpu élevée. sur site le problème n apparaît pas.
TRX-1253,Mot de passe SSO expiré Merci de traiter rapidement.,"Impossible de se connecter, MDP expiré. Impact sur mon activité quotidienne.",account,high,Reset via self-service ou agent identité.,fr,synthetic_tritux_v1,mot de passe sso expiré merci de traiter rapidement.,impossible de se connecter mdp expiré. impact sur mon activité quotidienne.,mot de passe sso expiré merci de traiter rapidement. impossible de se connecter mdp expiré. impact sur mon activité quotidienne.
TRX-1113,Certificat SSL invalide sur portail En télétravail uniquement.,Navigateur indique certificat non fiable. Sur site le problème n'apparaît pas.,security,high,Vérifier horloge système et certificat serveur.,fr,synthetic_tritux_v1,certificat ssl invalide sur portail en télétravail uniquement.,navigateur indique certificat non fiable. sur site le problème n apparaît pas.,certificat ssl invalide sur portail en télétravail uniquement. navigateur indique certificat non fiable. sur site le problème n apparaît pas.
TRX-1019,Wi-Fi instable au 3ème étage Merci de traiter rapidement.,Le réseau sans fil coupe souvent dans la salle réunion B. Impact sur mon activité quotidienne.,network,medium,"Reset borne AP, vérifier couverture et canaux.",fr,synthetic_tritux_v1,wi-fi instable au 3ème étage merci de traiter rapidement.,le réseau sans fil coupe souvent dans la salle réunion b. impact sur mon activité quotidienne.,wi-fi instable au 3ème étage merci de traiter rapidement. le réseau sans fil coupe souvent dans la salle réunion b. impact sur mon activité quotidienne.
TRX-1329,Signature email à mettre à jour En télétravail uniquement.,Nouvelle signature corporate manquante. Sur site le problème n'apparaît pas.,email,low,Déployer signature centralisée.,fr,synthetic_tritux_v1,signature email à mettre à jour en télétravail uniquement.,nouvelle signature corporate manquante. sur site le problème n apparaît pas.,signature email à mettre à jour en télétravail uniquement. nouvelle signature corporate manquante. sur site le problème n apparaît pas.
TRX-1118,Demande d'audit des accès partage Depuis la dernière mise à jour Windows.,Besoin de revoir qui a accès au dossier RH. Aucun changement matériel de mon côté.,security,medium,Exporter ACL et valider avec Data Owner.,fr,synthetic_tritux_v1,demande d audit des accès partage depuis la dernière mise à jour windows.,besoin de revoir qui a accès au dossier rh. aucun changement matériel de mon côté.,demande d audit des accès partage depuis la dernière mise à jour windows. besoin de revoir qui a accès au dossier rh. aucun changement matériel de mon côté.
TRX-1333,Boîte partagée inaccessible Problème reproduit sur 2 postes.,support@tritux.com non visible. Captures d'écran disponibles.,email,medium,Droits FullAccess mailbox.,fr,synthetic_tritux_v1,boîte partagée inaccessible problème reproduit sur 2 postes.,non visible. captures d écran disponibles.,boîte partagée inaccessible problème reproduit sur 2 postes. non visible. captures d écran disponibles.
TRX-1307,Profil Windows corrompu Merci de traiter rapidement.,Impossible de charger le profil local. Impact sur mon activité quotidienne.,account,high,"Nouveau profil temporaire, migration data.",fr,synthetic_tritux_v1,profil windows corrompu merci de traiter rapidement.,impossible de charger le profil local. impact sur mon activité quotidienne.,profil windows corrompu merci de traiter rapidement. impossible de charger le profil local. impact sur mon activité quotidienne.
TRX-1241,Dock USB-C non détecté Merci de traiter rapidement.,Écrans externes ne s'allument plus via dock. Impact sur mon activité quotidienne.,hardware,medium,"MAJ firmware dock, tester autre câble.",fr,synthetic_tritux_v1,dock usb-c non détecté merci de traiter rapidement.,écrans externes ne s allument plus via dock. impact sur mon activité quotidienne.,dock usb-c non détecté merci de traiter rapidement. écrans externes ne s allument plus via dock. impact sur mon activité quotidienne.
TRX-1420,Câble réseau coupé open-space,Poste voisin aussi offline. Occurrence #3.,network,medium,Vérifier switch étage.,fr,synthetic_tritux_v1,câble réseau coupé open-space,poste voisin aussi offline. occurrence 3.,câble réseau coupé open-space poste voisin aussi offline. occurrence 3.
TRX-1435,Écran bleu BSOD intermittent - besoin aide,BSOD DRIVER_IRQL après dock. Occurrence #2.,hardware,high,MAJ chipset/dock drivers.,fr,synthetic_tritux_v1,écran bleu bsod intermittent - besoin aide,bsod driver_irql après dock. occurrence 2.,écran bleu bsod intermittent - besoin aide bsod driver_irql après dock. occurrence 2.
TRX-1414,Faux positif antivirus,Logiciel métier bloqué à tort.,security,medium,Whitelist contrôlée après analyse.,fr,synthetic_tritux_v1,faux positif antivirus,logiciel métier bloqué à tort.,faux positif antivirus logiciel métier bloqué à tort.
TRX-1192,Écran secondaire scintille,Moniteur HDMI scintille via dock USB-C.,hardware,low,"Tester câble, port, MAJ GPU.",fr,synthetic_tritux_v1,écran secondaire scintille,moniteur hdmi scintille via dock usb-c.,écran secondaire scintille moniteur hdmi scintille via dock usb-c.
TRX-1392,Question politique télétravail Urgent pour une livraison client.,Jours autorisés hors site? Deadline aujourd'hui 17h.,other,low,Consulter RH / intranet.,fr,synthetic_tritux_v1,question politique télétravail urgent pour une livraison client.,jours autorisés hors site deadline aujourd hui 17h.,question politique télétravail urgent pour une livraison client. jours autorisés hors site deadline aujourd hui 17h.
TRX-1227,Imprimante bureau n'imprime pas En télétravail uniquement.,"Travaux en file d'attente, status offline. Sur site le problème n'apparaît pas.",hardware,medium,"Redémarrer spooler, vérifier IP imprimante.",fr,synthetic_tritux_v1,imprimante bureau n imprime pas en télétravail uniquement.,travaux en file d attente status offline. sur site le problème n apparaît pas.,imprimante bureau n imprime pas en télétravail uniquement. travaux en file d attente status offline. sur site le problème n apparaît pas.
TRX-1027,Impossible d'accéder au partage réseau Problème reproduit sur 2 postes.,"\\tritux-fs01\projets inaccessible, erreur d'accès refusé. Captures d'écran disponibles.",network,medium,Vérifier droits SMB et VPN si hors site.,fr,synthetic_tritux_v1,impossible d accéder au partage réseau problème reproduit sur 2 postes.,tritux-fs01 projets inaccessible erreur d accès refusé. captures d écran disponibles.,impossible d accéder au partage réseau problème reproduit sur 2 postes. tritux-fs01 projets inaccessible erreur d accès refusé. captures d écran disponibles.
TRX-1224,Imprimante bureau n'imprime pas Urgent pour une livraison client.,"Travaux en file d'attente, status offline. Deadline aujourd'hui 17h.",hardware,medium,"Redémarrer spooler, vérifier IP imprimante.",fr,synthetic_tritux_v1,imprimante bureau n imprime pas urgent pour une livraison client.,travaux en file d attente status offline. deadline aujourd hui 17h.,imprimante bureau n imprime pas urgent pour une livraison client. travaux en file d attente status offline. deadline aujourd hui 17h.
TRX-1103,Lien suspect dans Teams Merci de traiter rapidement.,Collègue a collé un lien raccourci douteux. Impact sur mon activité quotidienne.,security,high,"Ne pas ouvrir, signaler au SOC Tritux.",fr,synthetic_tritux_v1,lien suspect dans teams merci de traiter rapidement.,collègue a collé un lien raccourci douteux. impact sur mon activité quotidienne.,lien suspect dans teams merci de traiter rapidement. collègue a collé un lien raccourci douteux. impact sur mon activité quotidienne.
TRX-1213,Batterie PC portable se décharge vite Problème reproduit sur 2 postes.,Autonomie < 1h alors que neuve il y a 2 ans. Captures d'écran disponibles.,hardware,medium,"Diagnostic batterie, remplacement si usée.",fr,synthetic_tritux_v1,batterie pc portable se décharge vite problème reproduit sur 2 postes.,autonomie 1h alors que neuve il y a 2 ans. captures d écran disponibles.,batterie pc portable se décharge vite problème reproduit sur 2 postes. autonomie 1h alors que neuve il y a 2 ans. captures d écran disponibles.
TRX-1025,Impossible d'accéder au partage réseau Merci de traiter rapidement.,"\\tritux-fs01\projets inaccessible, erreur d'accès refusé. Impact sur mon activité quotidienne.",network,medium,Vérifier droits SMB et VPN si hors site.,fr,synthetic_tritux_v1,impossible d accéder au partage réseau merci de traiter rapidement.,tritux-fs01 projets inaccessible erreur d accès refusé. impact sur mon activité quotidienne.,impossible d accéder au partage réseau merci de traiter rapidement. tritux-fs01 projets inaccessible erreur d accès refusé. impact sur mon activité quotidienne.
TRX-1297,Double authentification à configurer Problème reproduit sur 2 postes.,Onboarding: activer MFA obligatoire. Captures d'écran disponibles.,account,medium,Guide enrollment Authenticator.,fr,synthetic_tritux_v1,double authentification à configurer problème reproduit sur 2 postes.,onboarding activer mfa obligatoire. captures d écran disponibles.,double authentification à configurer problème reproduit sur 2 postes. onboarding activer mfa obligatoire. captures d écran disponibles.
TRX-1167,OneDrive synchronisation bloquée En télétravail uniquement.,"Icône rouge, fichiers hors ligne non sync. Sur site le problème n'apparaît pas.",software,medium,"Reset OneDrive, espace disque, droits.",fr,synthetic_tritux_v1,onedrive synchronisation bloquée en télétravail uniquement.,icône rouge fichiers hors ligne non sync. sur site le problème n apparaît pas.,onedrive synchronisation bloquée en télétravail uniquement. icône rouge fichiers hors ligne non sync. sur site le problème n apparaît pas.
TRX-1396,Suggestion amélioration helpdesk,Ajouter FAQ visible avant ticket.,other,low,Remonter product owner.,fr,synthetic_tritux_v1,suggestion amélioration helpdesk,ajouter faq visible avant ticket.,suggestion amélioration helpdesk ajouter faq visible avant ticket.
TRX-1418,Câble réseau coupé open-space,Poste voisin aussi offline.,network,medium,Vérifier switch étage.,fr,synthetic_tritux_v1,câble réseau coupé open-space,poste voisin aussi offline.,câble réseau coupé open-space poste voisin aussi offline.
TRX-1415,Faux positif antivirus - besoin aide,Logiciel métier bloqué à tort. Occurrence #2.,security,medium,Whitelist contrôlée après analyse.,fr,synthetic_tritux_v1,faux positif antivirus - besoin aide,logiciel métier bloqué à tort. occurrence 2.,faux positif antivirus - besoin aide logiciel métier bloqué à tort. occurrence 2.
TRX-1105,Lien suspect dans Teams Problème reproduit sur 2 postes.,Collègue a collé un lien raccourci douteux. Captures d'écran disponibles.,security,high,"Ne pas ouvrir, signaler au SOC Tritux.",fr,synthetic_tritux_v1,lien suspect dans teams problème reproduit sur 2 postes.,collègue a collé un lien raccourci douteux. captures d écran disponibles.,lien suspect dans teams problème reproduit sur 2 postes. collègue a collé un lien raccourci douteux. captures d écran disponibles.
TRX-1247,Casque audio crackle Merci de traiter rapidement.,Bruits parasites sur casque USB. Impact sur mon activité quotidienne.,hardware,low,"Changer port USB, pilote audio.",fr,synthetic_tritux_v1,casque audio crackle merci de traiter rapidement.,bruits parasites sur casque usb. impact sur mon activité quotidienne.,casque audio crackle merci de traiter rapidement. bruits parasites sur casque usb. impact sur mon activité quotidienne.
TRX-1090,MFA ne fonctionne plus,Codes Authenticator incorrects pour la connexion Office.,security,high,Resynchroniser MFA / réenregistrer appareil.,fr,synthetic_tritux_v1,mfa ne fonctionne plus,codes authenticator incorrects pour la connexion office.,mfa ne fonctionne plus codes authenticator incorrects pour la connexion office.
TRX-1398,Suggestion amélioration helpdesk Urgent pour une livraison client.,Ajouter FAQ visible avant ticket. Deadline aujourd'hui 17h.,other,low,Remonter product owner.,fr,synthetic_tritux_v1,suggestion amélioration helpdesk urgent pour une livraison client.,ajouter faq visible avant ticket. deadline aujourd hui 17h.,suggestion amélioration helpdesk urgent pour une livraison client. ajouter faq visible avant ticket. deadline aujourd hui 17h.
TRX-1168,PowerPoint police manquante,Présentation avec polices non installées.,software,low,Installer polices corporate Tritux.,fr,synthetic_tritux_v1,powerpoint police manquante,présentation avec polices non installées.,powerpoint police manquante présentation avec polices non installées.
TRX-1292,Accès VPN non provisionné Depuis la dernière mise à jour Windows.,Compte ok mais groupe VPN manquant. Aucun changement matériel de mon côté.,account,high,Ajouter au groupe VPN-Users.,fr,synthetic_tritux_v1,accès vpn non provisionné depuis la dernière mise à jour windows.,compte ok mais groupe vpn manquant. aucun changement matériel de mon côté.,accès vpn non provisionné depuis la dernière mise à jour windows. compte ok mais groupe vpn manquant. aucun changement matériel de mon côté.
TRX-1306,Profil Windows corrompu,Impossible de charger le profil local.,account,high,"Nouveau profil temporaire, migration data.",fr,synthetic_tritux_v1,profil windows corrompu,impossible de charger le profil local.,profil windows corrompu impossible de charger le profil local.
TRX-1048,Proxy bloque certains sites pro,Accès refusé via proxy pour un outil SaaS métier.,network,medium,Demander exception proxy / whitelist.,fr,synthetic_tritux_v1,proxy bloque certains sites pro,accès refusé via proxy pour un outil saas métier.,proxy bloque certains sites pro accès refusé via proxy pour un outil saas métier.
TRX-1104,Lien suspect dans Teams Urgent pour une livraison client.,Collègue a collé un lien raccourci douteux. Deadline aujourd'hui 17h.,security,high,"Ne pas ouvrir, signaler au SOC Tritux.",fr,synthetic_tritux_v1,lien suspect dans teams urgent pour une livraison client.,collègue a collé un lien raccourci douteux. deadline aujourd hui 17h.,lien suspect dans teams urgent pour une livraison client. collègue a collé un lien raccourci douteux. deadline aujourd hui 17h.
TRX-1196,Écran secondaire scintille Depuis la dernière mise à jour Windows.,Moniteur HDMI scintille via dock USB-C. Aucun changement matériel de mon côté.,hardware,low,"Tester câble, port, MAJ GPU.",fr,synthetic_tritux_v1,écran secondaire scintille depuis la dernière mise à jour windows.,moniteur hdmi scintille via dock usb-c. aucun changement matériel de mon côté.,écran secondaire scintille depuis la dernière mise à jour windows. moniteur hdmi scintille via dock usb-c. aucun changement matériel de mon côté.
TRX-1062,Email de phishing suspect reçu Urgent pour une livraison client.,Mail demandant de saisir mon mot de passe SSO via un lien externe. Deadline aujourd'hui 17h.,security,urgent,"Ne pas cliquer, signaler phishing, reset MDP si cliqué.",fr,synthetic_tritux_v1,email de phishing suspect reçu urgent pour une livraison client.,mail demandant de saisir mon mot de passe sso via un lien externe. deadline aujourd hui 17h.,email de phishing suspect reçu urgent pour une livraison client. mail demandant de saisir mon mot de passe sso via un lien externe. deadline aujourd hui 17h.
TRX-1121,Outlook ne démarre plus Merci de traiter rapidement.,Outlook plante au lancement avec erreur 0x8004010F. Impact sur mon activité quotidienne.,software,high,"Réparer Office, mode sans échec, nouveau profil.",fr,synthetic_tritux_v1,outlook ne démarre plus merci de traiter rapidement.,outlook plante au lancement avec erreur 0x8004010f. impact sur mon activité quotidienne.,outlook ne démarre plus merci de traiter rapidement. outlook plante au lancement avec erreur 0x8004010f. impact sur mon activité quotidienne.
TRX-1147,Installation Docker Desktop bloquée Problème reproduit sur 2 postes.,"Besoin Docker pour le projet, droits insuffisants. Captures d'écran disponibles.",software,medium,Demande logiciel + validation sécurité.,fr,synthetic_tritux_v1,installation docker desktop bloquée problème reproduit sur 2 postes.,besoin docker pour le projet droits insuffisants. captures d écran disponibles.,installation docker desktop bloquée problème reproduit sur 2 postes. besoin docker pour le projet droits insuffisants. captures d écran disponibles.
TRX-1146,Installation Docker Desktop bloquée Urgent pour une livraison client.,"Besoin Docker pour le projet, droits insuffisants. Deadline aujourd'hui 17h.",software,medium,Demande logiciel + validation sécurité.,fr,synthetic_tritux_v1,installation docker desktop bloquée urgent pour une livraison client.,besoin docker pour le projet droits insuffisants. deadline aujourd hui 17h.,installation docker desktop bloquée urgent pour une livraison client. besoin docker pour le projet droits insuffisants. deadline aujourd hui 17h.
TRX-1266,Demande de création compte prestataire Urgent pour une livraison client.,Nouveau prestataire a besoin d'un accès mail. Deadline aujourd'hui 17h.,account,medium,Process onboarding RH + IT.,fr,synthetic_tritux_v1,demande de création compte prestataire urgent pour une livraison client.,nouveau prestataire a besoin d un accès mail. deadline aujourd hui 17h.,demande de création compte prestataire urgent pour une livraison client. nouveau prestataire a besoin d un accès mail. deadline aujourd hui 17h.
TRX-1352,Quota boîte mail saturé Depuis la dernière mise à jour Windows.,"Impossible de recevoir, 99 Go utilisés. Aucun changement matériel de mon côté.",email,medium,Archivage online + purge.,fr,synthetic_tritux_v1,quota boîte mail saturé depuis la dernière mise à jour windows.,impossible de recevoir 99 go utilisés. aucun changement matériel de mon côté.,quota boîte mail saturé depuis la dernière mise à jour windows. impossible de recevoir 99 go utilisés. aucun changement matériel de mon côté.
TRX-1326,Signature email à mettre à jour Urgent pour une livraison client.,Nouvelle signature corporate manquante. Deadline aujourd'hui 17h.,email,low,Déployer signature centralisée.,fr,synthetic_tritux_v1,signature email à mettre à jour urgent pour une livraison client.,nouvelle signature corporate manquante. deadline aujourd hui 17h.,signature email à mettre à jour urgent pour une livraison client. nouvelle signature corporate manquante. deadline aujourd hui 17h.
TRX-1245,Dock USB-C non détecté En télétravail uniquement.,Écrans externes ne s'allument plus via dock. Sur site le problème n'apparaît pas.,hardware,medium,"MAJ firmware dock, tester autre câble.",fr,synthetic_tritux_v1,dock usb-c non détecté en télétravail uniquement.,écrans externes ne s allument plus via dock. sur site le problème n apparaît pas.,dock usb-c non détecté en télétravail uniquement. écrans externes ne s allument plus via dock. sur site le problème n apparaît pas.
TRX-1124,Outlook ne démarre plus Depuis la dernière mise à jour Windows.,Outlook plante au lancement avec erreur 0x8004010F. Aucun changement matériel de mon côté.,software,high,"Réparer Office, mode sans échec, nouveau profil.",fr,synthetic_tritux_v1,outlook ne démarre plus depuis la dernière mise à jour windows.,outlook plante au lancement avec erreur 0x8004010f. aucun changement matériel de mon côté.,outlook ne démarre plus depuis la dernière mise à jour windows. outlook plante au lancement avec erreur 0x8004010f. aucun changement matériel de mon côté.
TRX-1385,Demande inventaire matériel Merci de traiter rapidement.,Liste des assets de mon département. Impact sur mon activité quotidienne.,other,low,Extraire depuis CMDB / Intune.,fr,synthetic_tritux_v1,demande inventaire matériel merci de traiter rapidement.,liste des assets de mon département. impact sur mon activité quotidienne.,demande inventaire matériel merci de traiter rapidement. liste des assets de mon département. impact sur mon activité quotidienne.
TRX-1378,Réservation salle réunion outil,Comment réserver la salle Innovate?,other,low,Utiliser Outlook room finder.,fr,synthetic_tritux_v1,réservation salle réunion outil,comment réserver la salle innovate,réservation salle réunion outil comment réserver la salle innovate
TRX-1060,Email de phishing suspect reçu,Mail demandant de saisir mon mot de passe SSO via un lien externe.,security,urgent,"Ne pas cliquer, signaler phishing, reset MDP si cliqué.",fr,synthetic_tritux_v1,email de phishing suspect reçu,mail demandant de saisir mon mot de passe sso via un lien externe.,email de phishing suspect reçu mail demandant de saisir mon mot de passe sso via un lien externe.
TRX-1131,Excel plante à l'ouverture d'un fichier En télétravail uniquement.,Fichier macro .xlsm provoque un crash Excel. Sur site le problème n'apparaît pas.,software,medium,"Ouvrir sans macro, réparer fichier, MAJ Office.",fr,synthetic_tritux_v1,excel plante à l ouverture d un fichier en télétravail uniquement.,fichier macro .xlsm provoque un crash excel. sur site le problème n apparaît pas.,excel plante à l ouverture d un fichier en télétravail uniquement. fichier macro .xlsm provoque un crash excel. sur site le problème n apparaît pas.
TRX-1427,Demande accès GitLab - besoin aide,Nouveau développeur sans accès dépôt. Occurrence #2.,account,medium,Ajouter groupe gitlab-devs.,fr,synthetic_tritux_v1,demande accès gitlab - besoin aide,nouveau développeur sans accès dépôt. occurrence 2.,demande accès gitlab - besoin aide nouveau développeur sans accès dépôt. occurrence 2.
TRX-1084,USB non autorisé bloqué,Clé USB refusée par la politique de sécurité.,security,low,"Utiliser OneDrive Tritux, demander exception SI.",fr,synthetic_tritux_v1,usb non autorisé bloqué,clé usb refusée par la politique de sécurité.,usb non autorisé bloqué clé usb refusée par la politique de sécurité.
TRX-1008,VPN se déconnecte toutes les 10 minutes Urgent pour une livraison client.,"La session VPN tombe régulièrement, surtout sur Wi-Fi public. Deadline aujourd'hui 17h.",network,high,"Stabiliser la session: keepalive, MTU, éviter captive portal.",fr,synthetic_tritux_v1,vpn se déconnecte toutes les 10 minutes urgent pour une livraison client.,la session vpn tombe régulièrement surtout sur wi-fi public. deadline aujourd hui 17h.,vpn se déconnecte toutes les 10 minutes urgent pour une livraison client. la session vpn tombe régulièrement surtout sur wi-fi public. deadline aujourd hui 17h.
TRX-1017,Pas d'accès Internet sur le poste En télétravail uniquement.,Plus de navigation web ni ping 8.8.8.8 depuis ce matin. Sur site le problème n'apparaît pas.,network,high,"Vérifier câble/Wi-Fi, DHCP, proxy Tritux.",fr,synthetic_tritux_v1,pas d accès internet sur le poste en télétravail uniquement.,plus de navigation web ni ping 8.8.8.8 depuis ce matin. sur site le problème n apparaît pas.,pas d accès internet sur le poste en télétravail uniquement. plus de navigation web ni ping 8.8.8.8 depuis ce matin. sur site le problème n apparaît pas.
TRX-1220,PC ne démarre plus Depuis la dernière mise à jour Windows.,"Écran noir au power on, ventilateurs tournent. Aucun changement matériel de mon côté.",hardware,high,"Tester RAM/écran externe, atelier.",fr,synthetic_tritux_v1,pc ne démarre plus depuis la dernière mise à jour windows.,écran noir au power on ventilateurs tournent. aucun changement matériel de mon côté.,pc ne démarre plus depuis la dernière mise à jour windows. écran noir au power on ventilateurs tournent. aucun changement matériel de mon côté.
TRX-1424,Erreur OneNote sync,Bloc-notes ne se synchronise plus. Occurrence #3.,software,low,Repair OneNote / Sign-out.,fr,synthetic_tritux_v1,erreur onenote sync,bloc-notes ne se synchronise plus. occurrence 3.,erreur onenote sync bloc-notes ne se synchronise plus. occurrence 3.
TRX-1328,Signature email à mettre à jour Depuis la dernière mise à jour Windows.,Nouvelle signature corporate manquante. Aucun changement matériel de mon côté.,email,low,Déployer signature centralisée.,fr,synthetic_tritux_v1,signature email à mettre à jour depuis la dernière mise à jour windows.,nouvelle signature corporate manquante. aucun changement matériel de mon côté.,signature email à mettre à jour depuis la dernière mise à jour windows. nouvelle signature corporate manquante. aucun changement matériel de mon côté.
TRX-1403,Reset mot de passe oublié - besoin aide,J'ai oublié mon mot de passe Windows et Office. Occurrence #2.,account,high,Self-service reset SSO.,fr,synthetic_tritux_v1,reset mot de passe oublié - besoin aide,j ai oublié mon mot de passe windows et office. occurrence 2.,reset mot de passe oublié - besoin aide j ai oublié mon mot de passe windows et office. occurrence 2.
TRX-1018,Wi-Fi instable au 3ème étage,Le réseau sans fil coupe souvent dans la salle réunion B.,network,medium,"Reset borne AP, vérifier couverture et canaux.",fr,synthetic_tritux_v1,wi-fi instable au 3ème étage,le réseau sans fil coupe souvent dans la salle réunion b.,wi-fi instable au 3ème étage le réseau sans fil coupe souvent dans la salle réunion b.
TRX-1284,Désactivation compte collaborateur sorti Urgent pour une livraison client.,Offboarding: désactiver compte demain 18h. Deadline aujourd'hui 17h.,account,high,Checklist offboarding AD/M365.,fr,synthetic_tritux_v1,désactivation compte collaborateur sorti urgent pour une livraison client.,offboarding désactiver compte demain 18h. deadline aujourd hui 17h.,désactivation compte collaborateur sorti urgent pour une livraison client. offboarding désactiver compte demain 18h. deadline aujourd hui 17h.
TRX-1305,Alias email non reçu En télétravail uniquement.,L'alias prenom.nom2 n'arrive pas. Sur site le problème n'apparaît pas.,account,medium,Vérifier proxyAddresses Exchange.,fr,synthetic_tritux_v1,alias email non reçu en télétravail uniquement.,l alias prenom.nom2 n arrive pas. sur site le problème n apparaît pas.,alias email non reçu en télétravail uniquement. l alias prenom.nom2 n arrive pas. sur site le problème n apparaît pas.
TRX-1319,Pièces jointes bloquées Merci de traiter rapidement.,PDF > 10 Mo refusés à l'envoi. Impact sur mon activité quotidienne.,email,medium,"Utiliser OneDrive link, quota PJ.",fr,synthetic_tritux_v1,pièces jointes bloquées merci de traiter rapidement.,pdf 10 mo refusés à l envoi. impact sur mon activité quotidienne.,pièces jointes bloquées merci de traiter rapidement. pdf 10 mo refusés à l envoi. impact sur mon activité quotidienne.
TRX-1293,Accès VPN non provisionné En télétravail uniquement.,Compte ok mais groupe VPN manquant. Sur site le problème n'apparaît pas.,account,high,Ajouter au groupe VPN-Users.,fr,synthetic_tritux_v1,accès vpn non provisionné en télétravail uniquement.,compte ok mais groupe vpn manquant. sur site le problème n apparaît pas.,accès vpn non provisionné en télétravail uniquement. compte ok mais groupe vpn manquant. sur site le problème n apparaît pas.
TRX-1141,Word affiche document corrompu Problème reproduit sur 2 postes.,Impossible d'ouvrir mon rapport.docx. Captures d'écran disponibles.,software,medium,Récupération Word / versions OneDrive.,fr,synthetic_tritux_v1,word affiche document corrompu problème reproduit sur 2 postes.,impossible d ouvrir mon rapport.docx. captures d écran disponibles.,word affiche document corrompu problème reproduit sur 2 postes. impossible d ouvrir mon rapport.docx. captures d écran disponibles.
TRX-1288,Accès VPN non provisionné,Compte ok mais groupe VPN manquant.,account,high,Ajouter au groupe VPN-Users.,fr,synthetic_tritux_v1,accès vpn non provisionné,compte ok mais groupe vpn manquant.,accès vpn non provisionné compte ok mais groupe vpn manquant.
TRX-1294,Double authentification à configurer,Onboarding: activer MFA obligatoire.,account,medium,Guide enrollment Authenticator.,fr,synthetic_tritux_v1,double authentification à configurer,onboarding activer mfa obligatoire.,double authentification à configurer onboarding activer mfa obligatoire.
TRX-1086,USB non autorisé bloqué Urgent pour une livraison client.,Clé USB refusée par la politique de sécurité. Deadline aujourd'hui 17h.,security,low,"Utiliser OneDrive Tritux, demander exception SI.",fr,synthetic_tritux_v1,usb non autorisé bloqué urgent pour une livraison client.,clé usb refusée par la politique de sécurité. deadline aujourd hui 17h.,usb non autorisé bloqué urgent pour une livraison client. clé usb refusée par la politique de sécurité. deadline aujourd hui 17h.
TRX-1335,Boîte partagée inaccessible En télétravail uniquement.,support@tritux.com non visible. Sur site le problème n'apparaît pas.,email,medium,Droits FullAccess mailbox.,fr,synthetic_tritux_v1,boîte partagée inaccessible en télétravail uniquement.,non visible. sur site le problème n apparaît pas.,boîte partagée inaccessible en télétravail uniquement. non visible. sur site le problème n apparaît pas.
TRX-1267,Demande de création compte prestataire Problème reproduit sur 2 postes.,Nouveau prestataire a besoin d'un accès mail. Captures d'écran disponibles.,account,medium,Process onboarding RH + IT.,fr,synthetic_tritux_v1,demande de création compte prestataire problème reproduit sur 2 postes.,nouveau prestataire a besoin d un accès mail. captures d écran disponibles.,demande de création compte prestataire problème reproduit sur 2 postes. nouveau prestataire a besoin d un accès mail. captures d écran disponibles.
TRX-1383,Réservation salle réunion outil En télétravail uniquement.,Comment réserver la salle Innovate? Sur site le problème n'apparaît pas.,other,low,Utiliser Outlook room finder.,fr,synthetic_tritux_v1,réservation salle réunion outil en télétravail uniquement.,comment réserver la salle innovate sur site le problème n apparaît pas.,réservation salle réunion outil en télétravail uniquement. comment réserver la salle innovate sur site le problème n apparaît pas.
TRX-1030,Latence élevée sur Teams,Appels Teams avec décalage audio important.,network,medium,"Tester bande passante, QoS, fermer VPN split tunnel.",fr,synthetic_tritux_v1,latence élevée sur teams,appels teams avec décalage audio important.,latence élevée sur teams appels teams avec décalage audio important.
TRX-1115,Demande d'audit des accès partage Merci de traiter rapidement.,Besoin de revoir qui a accès au dossier RH. Impact sur mon activité quotidienne.,security,medium,Exporter ACL et valider avec Data Owner.,fr,synthetic_tritux_v1,demande d audit des accès partage merci de traiter rapidement.,besoin de revoir qui a accès au dossier rh. impact sur mon activité quotidienne.,demande d audit des accès partage merci de traiter rapidement. besoin de revoir qui a accès au dossier rh. impact sur mon activité quotidienne.
TRX-1132,Teams ne rejoint pas les réunions,"Bouton Rejoindre grisé, erreur média.",software,medium,"Clear cache Teams, réinstaller client.",fr,synthetic_tritux_v1,teams ne rejoint pas les réunions,bouton rejoindre grisé erreur média.,teams ne rejoint pas les réunions bouton rejoindre grisé erreur média.
TRX-1230,Webcam intégrée noire Urgent pour une livraison client.,Caméra allumée mais image noire dans Teams. Deadline aujourd'hui 17h.,hardware,medium,"Réinstaller pilote caméra, privacy settings.",fr,synthetic_tritux_v1,webcam intégrée noire urgent pour une livraison client.,caméra allumée mais image noire dans teams. deadline aujourd hui 17h.,webcam intégrée noire urgent pour une livraison client. caméra allumée mais image noire dans teams. deadline aujourd hui 17h.
TRX-1350,Quota boîte mail saturé Urgent pour une livraison client.,"Impossible de recevoir, 99 Go utilisés. Deadline aujourd'hui 17h.",email,medium,Archivage online + purge.,fr,synthetic_tritux_v1,quota boîte mail saturé urgent pour une livraison client.,impossible de recevoir 99 go utilisés. deadline aujourd hui 17h.,quota boîte mail saturé urgent pour une livraison client. impossible de recevoir 99 go utilisés. deadline aujourd hui 17h.
TRX-1095,MFA ne fonctionne plus En télétravail uniquement.,Codes Authenticator incorrects pour la connexion Office. Sur site le problème n'apparaît pas.,security,high,Resynchroniser MFA / réenregistrer appareil.,fr,synthetic_tritux_v1,mfa ne fonctionne plus en télétravail uniquement.,codes authenticator incorrects pour la connexion office. sur site le problème n apparaît pas.,mfa ne fonctionne plus en télétravail uniquement. codes authenticator incorrects pour la connexion office. sur site le problème n apparaît pas.
TRX-1370,Erreur NDR 5.7.1 Depuis la dernière mise à jour Windows.,Envoi interne refusé avec NDR. Aucun changement matériel de mon côté.,email,medium,Permissions send-as / connector.,fr,synthetic_tritux_v1,erreur ndr 5.7.1 depuis la dernière mise à jour windows.,envoi interne refusé avec ndr. aucun changement matériel de mon côté.,erreur ndr 5.7.1 depuis la dernière mise à jour windows. envoi interne refusé avec ndr. aucun changement matériel de mon côté.
TRX-1171,PowerPoint police manquante Problème reproduit sur 2 postes.,Présentation avec polices non installées. Captures d'écran disponibles.,software,low,Installer polices corporate Tritux.,fr,synthetic_tritux_v1,powerpoint police manquante problème reproduit sur 2 postes.,présentation avec polices non installées. captures d écran disponibles.,powerpoint police manquante problème reproduit sur 2 postes. présentation avec polices non installées. captures d écran disponibles.
TRX-1102,Lien suspect dans Teams,Collègue a collé un lien raccourci douteux.,security,high,"Ne pas ouvrir, signaler au SOC Tritux.",fr,synthetic_tritux_v1,lien suspect dans teams,collègue a collé un lien raccourci douteux.,lien suspect dans teams collègue a collé un lien raccourci douteux.
TRX-1399,Suggestion amélioration helpdesk Problème reproduit sur 2 postes.,Ajouter FAQ visible avant ticket. Captures d'écran disponibles.,other,low,Remonter product owner.,fr,synthetic_tritux_v1,suggestion amélioration helpdesk problème reproduit sur 2 postes.,ajouter faq visible avant ticket. captures d écran disponibles.,suggestion amélioration helpdesk problème reproduit sur 2 postes. ajouter faq visible avant ticket. captures d écran disponibles.
TRX-1182,Erreur licence Office 365 Urgent pour une livraison client.,Produit non licencié après changement de poste. Deadline aujourd'hui 17h.,software,high,Réactiver licence via compte Tritux.,fr,synthetic_tritux_v1,erreur licence office 365 urgent pour une livraison client.,produit non licencié après changement de poste. deadline aujourd hui 17h.,erreur licence office 365 urgent pour une livraison client. produit non licencié après changement de poste. deadline aujourd hui 17h.
TRX-1365,Distribution list non à jour En télétravail uniquement.,Liste all-staff contient anciens employés. Sur site le problème n'apparaît pas.,email,low,Sync HR + nettoyage DL.,fr,synthetic_tritux_v1,distribution list non à jour en télétravail uniquement.,liste all-staff contient anciens employés. sur site le problème n apparaît pas.,distribution list non à jour en télétravail uniquement. liste all-staff contient anciens employés. sur site le problème n apparaît pas.
TRX-1397,Suggestion amélioration helpdesk Merci de traiter rapidement.,Ajouter FAQ visible avant ticket. Impact sur mon activité quotidienne.,other,low,Remonter product owner.,fr,synthetic_tritux_v1,suggestion amélioration helpdesk merci de traiter rapidement.,ajouter faq visible avant ticket. impact sur mon activité quotidienne.,suggestion amélioration helpdesk merci de traiter rapidement. ajouter faq visible avant ticket. impact sur mon activité quotidienne.
TRX-1386,Demande inventaire matériel Urgent pour une livraison client.,Liste des assets de mon département. Deadline aujourd'hui 17h.,other,low,Extraire depuis CMDB / Intune.,fr,synthetic_tritux_v1,demande inventaire matériel urgent pour une livraison client.,liste des assets de mon département. deadline aujourd hui 17h.,demande inventaire matériel urgent pour une livraison client. liste des assets de mon département. deadline aujourd hui 17h.
TRX-1382,Réservation salle réunion outil Depuis la dernière mise à jour Windows.,Comment réserver la salle Innovate? Aucun changement matériel de mon côté.,other,low,Utiliser Outlook room finder.,fr,synthetic_tritux_v1,réservation salle réunion outil depuis la dernière mise à jour windows.,comment réserver la salle innovate aucun changement matériel de mon côté.,réservation salle réunion outil depuis la dernière mise à jour windows. comment réserver la salle innovate aucun changement matériel de mon côté.
TRX-1342,Calendrier Teams non synchronisé,RDV Outlook absents de Teams.,email,medium,Repair sync M365 calendar.,fr,synthetic_tritux_v1,calendrier teams non synchronisé,rdv outlook absents de teams.,calendrier teams non synchronisé rdv outlook absents de teams.
TRX-1237,Ventilateur très bruyant Problème reproduit sur 2 postes.,PC surchauffe et throttle en réunion. Captures d'écran disponibles.,hardware,medium,"Nettoyage poussière, paste thermique.",fr,synthetic_tritux_v1,ventilateur très bruyant problème reproduit sur 2 postes.,pc surchauffe et throttle en réunion. captures d écran disponibles.,ventilateur très bruyant problème reproduit sur 2 postes. pc surchauffe et throttle en réunion. captures d écran disponibles.
TRX-1412,Connexion SSO lente,Login Azure AD prend plus de 2 minutes. Occurrence #3.,account,medium,Vérifier réseau et MFA latency.,fr,synthetic_tritux_v1,connexion sso lente,login azure ad prend plus de 2 minutes. occurrence 3.,connexion sso lente login azure ad prend plus de 2 minutes. occurrence 3.
TRX-1246,Casque audio crackle,Bruits parasites sur casque USB.,hardware,low,"Changer port USB, pilote audio.",fr,synthetic_tritux_v1,casque audio crackle,bruits parasites sur casque usb.,casque audio crackle bruits parasites sur casque usb.
TRX-1341,Mails partent en spam chez clients En télétravail uniquement.,Plaintes SPF/DKIM fail. Sur site le problème n'apparaît pas.,email,high,Vérifier enregistrements DNS mail.,fr,synthetic_tritux_v1,mails partent en spam chez clients en télétravail uniquement.,plaintes spf/dkim fail. sur site le problème n apparaît pas.,mails partent en spam chez clients en télétravail uniquement. plaintes spf/dkim fail. sur site le problème n apparaît pas.
TRX-1155,VS Code extensions manquantes En télétravail uniquement.,Environnement de dév incomplet après reset poste. Sur site le problème n'apparaît pas.,software,low,Réinstaller pack extensions Tritux.,fr,synthetic_tritux_v1,vs code extensions manquantes en télétravail uniquement.,environnement de dév incomplet après reset poste. sur site le problème n apparaît pas.,vs code extensions manquantes en télétravail uniquement. environnement de dév incomplet après reset poste. sur site le problème n apparaît pas.
TRX-1223,Imprimante bureau n'imprime pas Merci de traiter rapidement.,"Travaux en file d'attente, status offline. Impact sur mon activité quotidienne.",hardware,medium,"Redémarrer spooler, vérifier IP imprimante.",fr,synthetic_tritux_v1,imprimante bureau n imprime pas merci de traiter rapidement.,travaux en file d attente status offline. impact sur mon activité quotidienne.,imprimante bureau n imprime pas merci de traiter rapidement. travaux en file d attente status offline. impact sur mon activité quotidienne.
TRX-1322,Pièces jointes bloquées Depuis la dernière mise à jour Windows.,PDF > 10 Mo refusés à l'envoi. Aucun changement matériel de mon côté.,email,medium,"Utiliser OneDrive link, quota PJ.",fr,synthetic_tritux_v1,pièces jointes bloquées depuis la dernière mise à jour windows.,pdf 10 mo refusés à l envoi. aucun changement matériel de mon côté.,pièces jointes bloquées depuis la dernière mise à jour windows. pdf 10 mo refusés à l envoi. aucun changement matériel de mon côté.
TRX-1067,Compte potentiellement compromis Merci de traiter rapidement.,Connexions inhabituelles depuis l'étranger dans les logs. Impact sur mon activité quotidienne.,security,urgent,"Révoquer sessions, reset MDP, MFA obligatoire.",fr,synthetic_tritux_v1,compte potentiellement compromis merci de traiter rapidement.,connexions inhabituelles depuis l étranger dans les logs. impact sur mon activité quotidienne.,compte potentiellement compromis merci de traiter rapidement. connexions inhabituelles depuis l étranger dans les logs. impact sur mon activité quotidienne.
TRX-1042,Câble RJ45 défectueux poste finance,"Lien ethernet down, LED orange éteinte.",network,low,Remplacer câble et tester port switch.,fr,synthetic_tritux_v1,câble rj45 défectueux poste finance,lien ethernet down led orange éteinte.,câble rj45 défectueux poste finance lien ethernet down led orange éteinte.
TRX-1437,Écran bleu BSOD intermittent - besoin aide,BSOD DRIVER_IRQL après dock. Occurrence #4.,hardware,high,MAJ chipset/dock drivers.,fr,synthetic_tritux_v1,écran bleu bsod intermittent - besoin aide,bsod driver_irql après dock. occurrence 4.,écran bleu bsod intermittent - besoin aide bsod driver_irql après dock. occurrence 4.
TRX-1242,Dock USB-C non détecté Urgent pour une livraison client.,Écrans externes ne s'allument plus via dock. Deadline aujourd'hui 17h.,hardware,medium,"MAJ firmware dock, tester autre câble.",fr,synthetic_tritux_v1,dock usb-c non détecté urgent pour une livraison client.,écrans externes ne s allument plus via dock. deadline aujourd hui 17h.,dock usb-c non détecté urgent pour une livraison client. écrans externes ne s allument plus via dock. deadline aujourd hui 17h.
TRX-1243,Dock USB-C non détecté Problème reproduit sur 2 postes.,Écrans externes ne s'allument plus via dock. Captures d'écran disponibles.,hardware,medium,"MAJ firmware dock, tester autre câble.",fr,synthetic_tritux_v1,dock usb-c non détecté problème reproduit sur 2 postes.,écrans externes ne s allument plus via dock. captures d écran disponibles.,dock usb-c non détecté problème reproduit sur 2 postes. écrans externes ne s allument plus via dock. captures d écran disponibles.
TRX-1065,Email de phishing suspect reçu En télétravail uniquement.,Mail demandant de saisir mon mot de passe SSO via un lien externe. Sur site le problème n'apparaît pas.,security,urgent,"Ne pas cliquer, signaler phishing, reset MDP si cliqué.",fr,synthetic_tritux_v1,email de phishing suspect reçu en télétravail uniquement.,mail demandant de saisir mon mot de passe sso via un lien externe. sur site le problème n apparaît pas.,email de phishing suspect reçu en télétravail uniquement. mail demandant de saisir mon mot de passe sso via un lien externe. sur site le problème n apparaît pas.
TRX-1064,Email de phishing suspect reçu Depuis la dernière mise à jour Windows.,Mail demandant de saisir mon mot de passe SSO via un lien externe. Aucun changement matériel de mon côté.,security,urgent,"Ne pas cliquer, signaler phishing, reset MDP si cliqué.",fr,synthetic_tritux_v1,email de phishing suspect reçu depuis la dernière mise à jour windows.,mail demandant de saisir mon mot de passe sso via un lien externe. aucun changement matériel de mon côté.,email de phishing suspect reçu depuis la dernière mise à jour windows. mail demandant de saisir mon mot de passe sso via un lien externe. aucun changement matériel de mon côté.
TRX-1372,Demande formation Excel avancé,Souhait formation tableaux croisés.,other,low,Orienter catalogue formation Tritux.,fr,synthetic_tritux_v1,demande formation excel avancé,souhait formation tableaux croisés.,demande formation excel avancé souhait formation tableaux croisés.
TRX-1248,Casque audio crackle Urgent pour une livraison client.,Bruits parasites sur casque USB. Deadline aujourd'hui 17h.,hardware,low,"Changer port USB, pilote audio.",fr,synthetic_tritux_v1,casque audio crackle urgent pour une livraison client.,bruits parasites sur casque usb. deadline aujourd hui 17h.,casque audio crackle urgent pour une livraison client. bruits parasites sur casque usb. deadline aujourd hui 17h.
TRX-1043,Câble RJ45 défectueux poste finance Merci de traiter rapidement.,"Lien ethernet down, LED orange éteinte. Impact sur mon activité quotidienne.",network,low,Remplacer câble et tester port switch.,fr,synthetic_tritux_v1,câble rj45 défectueux poste finance merci de traiter rapidement.,lien ethernet down led orange éteinte. impact sur mon activité quotidienne.,câble rj45 défectueux poste finance merci de traiter rapidement. lien ethernet down led orange éteinte. impact sur mon activité quotidienne.
TRX-1367,Erreur NDR 5.7.1 Merci de traiter rapidement.,Envoi interne refusé avec NDR. Impact sur mon activité quotidienne.,email,medium,Permissions send-as / connector.,fr,synthetic_tritux_v1,erreur ndr 5.7.1 merci de traiter rapidement.,envoi interne refusé avec ndr. impact sur mon activité quotidienne.,erreur ndr 5.7.1 merci de traiter rapidement. envoi interne refusé avec ndr. impact sur mon activité quotidienne.
TRX-1123,Outlook ne démarre plus Problème reproduit sur 2 postes.,Outlook plante au lancement avec erreur 0x8004010F. Captures d'écran disponibles.,software,high,"Réparer Office, mode sans échec, nouveau profil.",fr,synthetic_tritux_v1,outlook ne démarre plus problème reproduit sur 2 postes.,outlook plante au lancement avec erreur 0x8004010f. captures d écran disponibles.,outlook ne démarre plus problème reproduit sur 2 postes. outlook plante au lancement avec erreur 0x8004010f. captures d écran disponibles.
TRX-1029,Impossible d'accéder au partage réseau En télétravail uniquement.,"\\tritux-fs01\projets inaccessible, erreur d'accès refusé. Sur site le problème n'apparaît pas.",network,medium,Vérifier droits SMB et VPN si hors site.,fr,synthetic_tritux_v1,impossible d accéder au partage réseau en télétravail uniquement.,tritux-fs01 projets inaccessible erreur d accès refusé. sur site le problème n apparaît pas.,impossible d accéder au partage réseau en télétravail uniquement. tritux-fs01 projets inaccessible erreur d accès refusé. sur site le problème n apparaît pas.
TRX-1122,Outlook ne démarre plus Urgent pour une livraison client.,Outlook plante au lancement avec erreur 0x8004010F. Deadline aujourd'hui 17h.,software,high,"Réparer Office, mode sans échec, nouveau profil.",fr,synthetic_tritux_v1,outlook ne démarre plus urgent pour une livraison client.,outlook plante au lancement avec erreur 0x8004010f. deadline aujourd hui 17h.,outlook ne démarre plus urgent pour une livraison client. outlook plante au lancement avec erreur 0x8004010f. deadline aujourd hui 17h.
TRX-1157,Adobe Reader ne s'ouvre pas Merci de traiter rapidement.,PDF s'ouvre dans le navigateur uniquement. Impact sur mon activité quotidienne.,software,low,Réparer/réinstaller Acrobat Reader.,fr,synthetic_tritux_v1,adobe reader ne s ouvre pas merci de traiter rapidement.,pdf s ouvre dans le navigateur uniquement. impact sur mon activité quotidienne.,adobe reader ne s ouvre pas merci de traiter rapidement. pdf s ouvre dans le navigateur uniquement. impact sur mon activité quotidienne.
TRX-1312,Mails n'arrivent plus en réception,"Boîte vide depuis hier, envoi OK.",email,high,"Règles Outlook, quarantaine, MX.",fr,synthetic_tritux_v1,mails n arrivent plus en réception,boîte vide depuis hier envoi ok.,mails n arrivent plus en réception boîte vide depuis hier envoi ok.
TRX-1289,Accès VPN non provisionné Merci de traiter rapidement.,Compte ok mais groupe VPN manquant. Impact sur mon activité quotidienne.,account,high,Ajouter au groupe VPN-Users.,fr,synthetic_tritux_v1,accès vpn non provisionné merci de traiter rapidement.,compte ok mais groupe vpn manquant. impact sur mon activité quotidienne.,accès vpn non provisionné merci de traiter rapidement. compte ok mais groupe vpn manquant. impact sur mon activité quotidienne.
TRX-1009,VPN se déconnecte toutes les 10 minutes Problème reproduit sur 2 postes.,"La session VPN tombe régulièrement, surtout sur Wi-Fi public. Captures d'écran disponibles.",network,high,"Stabiliser la session: keepalive, MTU, éviter captive portal.",fr,synthetic_tritux_v1,vpn se déconnecte toutes les 10 minutes problème reproduit sur 2 postes.,la session vpn tombe régulièrement surtout sur wi-fi public. captures d écran disponibles.,vpn se déconnecte toutes les 10 minutes problème reproduit sur 2 postes. la session vpn tombe régulièrement surtout sur wi-fi public. captures d écran disponibles.
TRX-1250,Casque audio crackle Depuis la dernière mise à jour Windows.,Bruits parasites sur casque USB. Aucun changement matériel de mon côté.,hardware,low,"Changer port USB, pilote audio.",fr,synthetic_tritux_v1,casque audio crackle depuis la dernière mise à jour windows.,bruits parasites sur casque usb. aucun changement matériel de mon côté.,casque audio crackle depuis la dernière mise à jour windows. bruits parasites sur casque usb. aucun changement matériel de mon côté.
TRX-1165,OneDrive synchronisation bloquée Problème reproduit sur 2 postes.,"Icône rouge, fichiers hors ligne non sync. Captures d'écran disponibles.",software,medium,"Reset OneDrive, espace disque, droits.",fr,synthetic_tritux_v1,onedrive synchronisation bloquée problème reproduit sur 2 postes.,icône rouge fichiers hors ligne non sync. captures d écran disponibles.,onedrive synchronisation bloquée problème reproduit sur 2 postes. icône rouge fichiers hors ligne non sync. captures d écran disponibles.
TRX-1000,Impossible de se connecter au VPN,Erreur 'connexion VPN échouée' depuis le télétravail. Client OpenVPN à jour.,network,high,"Vérifier certificat VPN, DNS et firewall.",fr,synthetic_tritux_v1,impossible de se connecter au vpn,erreur connexion vpn échouée depuis le télétravail. client openvpn à jour.,impossible de se connecter au vpn erreur connexion vpn échouée depuis le télétravail. client openvpn à jour.
TRX-1271,Droits accès SharePoint manquants Merci de traiter rapidement.,Pas d'accès au site projet Alpha. Impact sur mon activité quotidienne.,account,medium,Ajouter au groupe Azure AD du site.,fr,synthetic_tritux_v1,droits accès sharepoint manquants merci de traiter rapidement.,pas d accès au site projet alpha. impact sur mon activité quotidienne.,droits accès sharepoint manquants merci de traiter rapidement. pas d accès au site projet alpha. impact sur mon activité quotidienne.
TRX-1082,Demande de droits admin local Depuis la dernière mise à jour Windows.,"Besoin d'installer un outil, UAC bloque l'installation. Aucun changement matériel de mon côté.",security,medium,"Évaluer besoin, déploiement via Intune si validé.",fr,synthetic_tritux_v1,demande de droits admin local depuis la dernière mise à jour windows.,besoin d installer un outil uac bloque l installation. aucun changement matériel de mon côté.,demande de droits admin local depuis la dernière mise à jour windows. besoin d installer un outil uac bloque l installation. aucun changement matériel de mon côté.
TRX-1191,Zoom / Teams conflit audio En télétravail uniquement.,Micro non détecté pendant réunion. Sur site le problème n'apparaît pas.,software,medium,Permissions Windows privacy + périphérique défaut.,fr,synthetic_tritux_v1,zoom / teams conflit audio en télétravail uniquement.,micro non détecté pendant réunion. sur site le problème n apparaît pas.,zoom / teams conflit audio en télétravail uniquement. micro non détecté pendant réunion. sur site le problème n apparaît pas.
TRX-1304,Alias email non reçu Depuis la dernière mise à jour Windows.,L'alias prenom.nom2 n'arrive pas. Aucun changement matériel de mon côté.,account,medium,Vérifier proxyAddresses Exchange.,fr,synthetic_tritux_v1,alias email non reçu depuis la dernière mise à jour windows.,l alias prenom.nom2 n arrive pas. aucun changement matériel de mon côté.,alias email non reçu depuis la dernière mise à jour windows. l alias prenom.nom2 n arrive pas. aucun changement matériel de mon côté.
TRX-1416,Faux positif antivirus,Logiciel métier bloqué à tort. Occurrence #3.,security,medium,Whitelist contrôlée après analyse.,fr,synthetic_tritux_v1,faux positif antivirus,logiciel métier bloqué à tort. occurrence 3.,faux positif antivirus logiciel métier bloqué à tort. occurrence 3.
TRX-1280,Changement de nom suite mariage Depuis la dernière mise à jour Windows.,Mettre à jour display name et email. Aucun changement matériel de mon côté.,account,low,Ticket identité + sync HRIS.,fr,synthetic_tritux_v1,changement de nom suite mariage depuis la dernière mise à jour windows.,mettre à jour display name et email. aucun changement matériel de mon côté.,changement de nom suite mariage depuis la dernière mise à jour windows. mettre à jour display name et email. aucun changement matériel de mon côté.
TRX-1152,VS Code extensions manquantes Urgent pour une livraison client.,Environnement de dév incomplet après reset poste. Deadline aujourd'hui 17h.,software,low,Réinstaller pack extensions Tritux.,fr,synthetic_tritux_v1,vs code extensions manquantes urgent pour une livraison client.,environnement de dév incomplet après reset poste. deadline aujourd hui 17h.,vs code extensions manquantes urgent pour une livraison client. environnement de dév incomplet après reset poste. deadline aujourd hui 17h.
TRX-1054,Perte de connexion après veille,"Après sleep Windows, plus de réseau jusqu'au reboot.",network,medium,"Mettre à jour pilote NIC, désactiver energy saving.",fr,synthetic_tritux_v1,perte de connexion après veille,après sleep windows plus de réseau jusqu au reboot.,perte de connexion après veille après sleep windows plus de réseau jusqu au reboot.
TRX-1259,Compte verrouillé après tentatives Merci de traiter rapidement.,"Trop d'échecs de connexion, compte lock. Impact sur mon activité quotidienne.",account,high,Unlock Active Directory / Azure AD.,fr,synthetic_tritux_v1,compte verrouillé après tentatives merci de traiter rapidement.,trop d échecs de connexion compte lock. impact sur mon activité quotidienne.,compte verrouillé après tentatives merci de traiter rapidement. trop d échecs de connexion compte lock. impact sur mon activité quotidienne.
TRX-1091,MFA ne fonctionne plus Merci de traiter rapidement.,Codes Authenticator incorrects pour la connexion Office. Impact sur mon activité quotidienne.,security,high,Resynchroniser MFA / réenregistrer appareil.,fr,synthetic_tritux_v1,mfa ne fonctionne plus merci de traiter rapidement.,codes authenticator incorrects pour la connexion office. impact sur mon activité quotidienne.,mfa ne fonctionne plus merci de traiter rapidement. codes authenticator incorrects pour la connexion office. impact sur mon activité quotidienne.
TRX-1256,Mot de passe SSO expiré Depuis la dernière mise à jour Windows.,"Impossible de se connecter, MDP expiré. Aucun changement matériel de mon côté.",account,high,Reset via self-service ou agent identité.,fr,synthetic_tritux_v1,mot de passe sso expiré depuis la dernière mise à jour windows.,impossible de se connecter mdp expiré. aucun changement matériel de mon côté.,mot de passe sso expiré depuis la dernière mise à jour windows. impossible de se connecter mdp expiré. aucun changement matériel de mon côté.
TRX-1317,Mails n'arrivent plus en réception En télétravail uniquement.,"Boîte vide depuis hier, envoi OK. Sur site le problème n'apparaît pas.",email,high,"Règles Outlook, quarantaine, MX.",fr,synthetic_tritux_v1,mails n arrivent plus en réception en télétravail uniquement.,boîte vide depuis hier envoi ok. sur site le problème n apparaît pas.,mails n arrivent plus en réception en télétravail uniquement. boîte vide depuis hier envoi ok. sur site le problème n apparaît pas.
TRX-1001,Impossible de se connecter au VPN Merci de traiter rapidement.,Erreur 'connexion VPN échouée' depuis le télétravail. Client OpenVPN à jour. Impact sur mon activité quotidienne.,network,high,"Vérifier certificat VPN, DNS et firewall.",fr,synthetic_tritux_v1,impossible de se connecter au vpn merci de traiter rapidement.,erreur connexion vpn échouée depuis le télétravail. client openvpn à jour. impact sur mon activité quotidienne.,impossible de se connecter au vpn merci de traiter rapidement. erreur connexion vpn échouée depuis le télétravail. client openvpn à jour. impact sur mon activité quotidienne.
TRX-1362,Distribution list non à jour Urgent pour une livraison client.,Liste all-staff contient anciens employés. Deadline aujourd'hui 17h.,email,low,Sync HR + nettoyage DL.,fr,synthetic_tritux_v1,distribution list non à jour urgent pour une livraison client.,liste all-staff contient anciens employés. deadline aujourd hui 17h.,distribution list non à jour urgent pour une livraison client. liste all-staff contient anciens employés. deadline aujourd hui 17h.
TRX-1080,Demande de droits admin local Urgent pour une livraison client.,"Besoin d'installer un outil, UAC bloque l'installation. Deadline aujourd'hui 17h.",security,medium,"Évaluer besoin, déploiement via Intune si validé.",fr,synthetic_tritux_v1,demande de droits admin local urgent pour une livraison client.,besoin d installer un outil uac bloque l installation. deadline aujourd hui 17h.,demande de droits admin local urgent pour une livraison client. besoin d installer un outil uac bloque l installation. deadline aujourd hui 17h.
TRX-1222,Imprimante bureau n'imprime pas,"Travaux en file d'attente, status offline.",hardware,medium,"Redémarrer spooler, vérifier IP imprimante.",fr,synthetic_tritux_v1,imprimante bureau n imprime pas,travaux en file d attente status offline.,imprimante bureau n imprime pas travaux en file d attente status offline.
TRX-1430,Alerte connexion RDP inhabituelle,Tentative RDP hors heures.,security,urgent,"Bloquer IP, audit compte.",fr,synthetic_tritux_v1,alerte connexion rdp inhabituelle,tentative rdp hors heures.,alerte connexion rdp inhabituelle tentative rdp hors heures.
TRX-1440,Mailing list projet à créer,Créer liste projet-nova@tritux.com. Occurrence #3.,email,low,Créer DL Exchange.,fr,synthetic_tritux_v1,mailing list projet à créer,créer liste occurrence 3.,mailing list projet à créer créer liste occurrence 3.
TRX-1401,Suggestion amélioration helpdesk En télétravail uniquement.,Ajouter FAQ visible avant ticket. Sur site le problème n'apparaît pas.,other,low,Remonter product owner.,fr,synthetic_tritux_v1,suggestion amélioration helpdesk en télétravail uniquement.,ajouter faq visible avant ticket. sur site le problème n apparaît pas.,suggestion amélioration helpdesk en télétravail uniquement. ajouter faq visible avant ticket. sur site le problème n apparaît pas.
TRX-1354,Règle de redirection suspecte,Mails forward auto vers externe.,email,urgent,"Supprimer règle, reset MDP, audit.",fr,synthetic_tritux_v1,règle de redirection suspecte,mails forward auto vers externe.,règle de redirection suspecte mails forward auto vers externe.
TRX-1384,Demande inventaire matériel,Liste des assets de mon département.,other,low,Extraire depuis CMDB / Intune.,fr,synthetic_tritux_v1,demande inventaire matériel,liste des assets de mon département.,demande inventaire matériel liste des assets de mon département.
TRX-1058,Perte de connexion après veille Depuis la dernière mise à jour Windows.,"Après sleep Windows, plus de réseau jusqu'au reboot. Aucun changement matériel de mon côté.",network,medium,"Mettre à jour pilote NIC, désactiver energy saving.",fr,synthetic_tritux_v1,perte de connexion après veille depuis la dernière mise à jour windows.,après sleep windows plus de réseau jusqu au reboot. aucun changement matériel de mon côté.,perte de connexion après veille depuis la dernière mise à jour windows. après sleep windows plus de réseau jusqu au reboot. aucun changement matériel de mon côté.
TRX-1005,Impossible de se connecter au VPN En télétravail uniquement.,Erreur 'connexion VPN échouée' depuis le télétravail. Client OpenVPN à jour. Sur site le problème n'apparaît pas.,network,high,"Vérifier certificat VPN, DNS et firewall.",fr,synthetic_tritux_v1,impossible de se connecter au vpn en télétravail uniquement.,erreur connexion vpn échouée depuis le télétravail. client openvpn à jour. sur site le problème n apparaît pas.,impossible de se connecter au vpn en télétravail uniquement. erreur connexion vpn échouée depuis le télétravail. client openvpn à jour. sur site le problème n apparaît pas.
TRX-1283,Désactivation compte collaborateur sorti Merci de traiter rapidement.,Offboarding: désactiver compte demain 18h. Impact sur mon activité quotidienne.,account,high,Checklist offboarding AD/M365.,fr,synthetic_tritux_v1,désactivation compte collaborateur sorti merci de traiter rapidement.,offboarding désactiver compte demain 18h. impact sur mon activité quotidienne.,désactivation compte collaborateur sorti merci de traiter rapidement. offboarding désactiver compte demain 18h. impact sur mon activité quotidienne.
TRX-1128,Excel plante à l'ouverture d'un fichier Urgent pour une livraison client.,Fichier macro .xlsm provoque un crash Excel. Deadline aujourd'hui 17h.,software,medium,"Ouvrir sans macro, réparer fichier, MAJ Office.",fr,synthetic_tritux_v1,excel plante à l ouverture d un fichier urgent pour une livraison client.,fichier macro .xlsm provoque un crash excel. deadline aujourd hui 17h.,excel plante à l ouverture d un fichier urgent pour une livraison client. fichier macro .xlsm provoque un crash excel. deadline aujourd hui 17h.
TRX-1270,Droits accès SharePoint manquants,Pas d'accès au site projet Alpha.,account,medium,Ajouter au groupe Azure AD du site.,fr,synthetic_tritux_v1,droits accès sharepoint manquants,pas d accès au site projet alpha.,droits accès sharepoint manquants pas d accès au site projet alpha.
TRX-1239,Ventilateur très bruyant En télétravail uniquement.,PC surchauffe et throttle en réunion. Sur site le problème n'apparaît pas.,hardware,medium,"Nettoyage poussière, paste thermique.",fr,synthetic_tritux_v1,ventilateur très bruyant en télétravail uniquement.,pc surchauffe et throttle en réunion. sur site le problème n apparaît pas.,ventilateur très bruyant en télétravail uniquement. pc surchauffe et throttle en réunion. sur site le problème n apparaît pas.
TRX-1195,Écran secondaire scintille Problème reproduit sur 2 postes.,Moniteur HDMI scintille via dock USB-C. Captures d'écran disponibles.,hardware,low,"Tester câble, port, MAJ GPU.",fr,synthetic_tritux_v1,écran secondaire scintille problème reproduit sur 2 postes.,moniteur hdmi scintille via dock usb-c. captures d écran disponibles.,écran secondaire scintille problème reproduit sur 2 postes. moniteur hdmi scintille via dock usb-c. captures d écran disponibles.
TRX-1197,Écran secondaire scintille En télétravail uniquement.,Moniteur HDMI scintille via dock USB-C. Sur site le problème n'apparaît pas.,hardware,low,"Tester câble, port, MAJ GPU.",fr,synthetic_tritux_v1,écran secondaire scintille en télétravail uniquement.,moniteur hdmi scintille via dock usb-c. sur site le problème n apparaît pas.,écran secondaire scintille en télétravail uniquement. moniteur hdmi scintille via dock usb-c. sur site le problème n apparaît pas.
TRX-1032,Latence élevée sur Teams Urgent pour une livraison client.,Appels Teams avec décalage audio important. Deadline aujourd'hui 17h.,network,medium,"Tester bande passante, QoS, fermer VPN split tunnel.",fr,synthetic_tritux_v1,latence élevée sur teams urgent pour une livraison client.,appels teams avec décalage audio important. deadline aujourd hui 17h.,latence élevée sur teams urgent pour une livraison client. appels teams avec décalage audio important. deadline aujourd hui 17h.
TRX-1402,Reset mot de passe oublié,J'ai oublié mon mot de passe Windows et Office.,account,high,Self-service reset SSO.,fr,synthetic_tritux_v1,reset mot de passe oublié,j ai oublié mon mot de passe windows et office.,reset mot de passe oublié j ai oublié mon mot de passe windows et office.
TRX-1404,Reset mot de passe oublié,J'ai oublié mon mot de passe Windows et Office. Occurrence #3.,account,high,Self-service reset SSO.,fr,synthetic_tritux_v1,reset mot de passe oublié,j ai oublié mon mot de passe windows et office. occurrence 3.,reset mot de passe oublié j ai oublié mon mot de passe windows et office. occurrence 3.
TRX-1078,Demande de droits admin local,"Besoin d'installer un outil, UAC bloque l'installation.",security,medium,"Évaluer besoin, déploiement via Intune si validé.",fr,synthetic_tritux_v1,demande de droits admin local,besoin d installer un outil uac bloque l installation.,demande de droits admin local besoin d installer un outil uac bloque l installation.
TRX-1056,Perte de connexion après veille Urgent pour une livraison client.,"Après sleep Windows, plus de réseau jusqu'au reboot. Deadline aujourd'hui 17h.",network,medium,"Mettre à jour pilote NIC, désactiver energy saving.",fr,synthetic_tritux_v1,perte de connexion après veille urgent pour une livraison client.,après sleep windows plus de réseau jusqu au reboot. deadline aujourd hui 17h.,perte de connexion après veille urgent pour une livraison client. après sleep windows plus de réseau jusqu au reboot. deadline aujourd hui 17h.
TRX-1024,Impossible d'accéder au partage réseau,"\\tritux-fs01\projets inaccessible, erreur d'accès refusé.",network,medium,Vérifier droits SMB et VPN si hors site.,fr,synthetic_tritux_v1,impossible d accéder au partage réseau,tritux-fs01 projets inaccessible erreur d accès refusé.,impossible d accéder au partage réseau tritux-fs01 projets inaccessible erreur d accès refusé.
TRX-1046,Câble RJ45 défectueux poste finance Depuis la dernière mise à jour Windows.,"Lien ethernet down, LED orange éteinte. Aucun changement matériel de mon côté.",network,low,Remplacer câble et tester port switch.,fr,synthetic_tritux_v1,câble rj45 défectueux poste finance depuis la dernière mise à jour windows.,lien ethernet down led orange éteinte. aucun changement matériel de mon côté.,câble rj45 défectueux poste finance depuis la dernière mise à jour windows. lien ethernet down led orange éteinte. aucun changement matériel de mon côté.
TRX-1252,Mot de passe SSO expiré,"Impossible de se connecter, MDP expiré.",account,high,Reset via self-service ou agent identité.,fr,synthetic_tritux_v1,mot de passe sso expiré,impossible de se connecter mdp expiré.,mot de passe sso expiré impossible de se connecter mdp expiré.
TRX-1260,Compte verrouillé après tentatives Urgent pour une livraison client.,"Trop d'échecs de connexion, compte lock. Deadline aujourd'hui 17h.",account,high,Unlock Active Directory / Azure AD.,fr,synthetic_tritux_v1,compte verrouillé après tentatives urgent pour une livraison client.,trop d échecs de connexion compte lock. deadline aujourd hui 17h.,compte verrouillé après tentatives urgent pour une livraison client. trop d échecs de connexion compte lock. deadline aujourd hui 17h.
TRX-1070,Compte potentiellement compromis Depuis la dernière mise à jour Windows.,Connexions inhabituelles depuis l'étranger dans les logs. Aucun changement matériel de mon côté.,security,urgent,"Révoquer sessions, reset MDP, MFA obligatoire.",fr,synthetic_tritux_v1,compte potentiellement compromis depuis la dernière mise à jour windows.,connexions inhabituelles depuis l étranger dans les logs. aucun changement matériel de mon côté.,compte potentiellement compromis depuis la dernière mise à jour windows. connexions inhabituelles depuis l étranger dans les logs. aucun changement matériel de mon côté.
TRX-1339,Mails partent en spam chez clients Problème reproduit sur 2 postes.,Plaintes SPF/DKIM fail. Captures d'écran disponibles.,email,high,Vérifier enregistrements DNS mail.,fr,synthetic_tritux_v1,mails partent en spam chez clients problème reproduit sur 2 postes.,plaintes spf/dkim fail. captures d écran disponibles.,mails partent en spam chez clients problème reproduit sur 2 postes. plaintes spf/dkim fail. captures d écran disponibles.
TRX-1376,Demande formation Excel avancé Depuis la dernière mise à jour Windows.,Souhait formation tableaux croisés. Aucun changement matériel de mon côté.,other,low,Orienter catalogue formation Tritux.,fr,synthetic_tritux_v1,demande formation excel avancé depuis la dernière mise à jour windows.,souhait formation tableaux croisés. aucun changement matériel de mon côté.,demande formation excel avancé depuis la dernière mise à jour windows. souhait formation tableaux croisés. aucun changement matériel de mon côté.
TRX-1204,Souris sans fil se déconnecte,Dongle Logitech instable.,hardware,low,"Changer piles, port USB, réappairage.",fr,synthetic_tritux_v1,souris sans fil se déconnecte,dongle logitech instable.,souris sans fil se déconnecte dongle logitech instable.
TRX-1298,Double authentification à configurer Depuis la dernière mise à jour Windows.,Onboarding: activer MFA obligatoire. Aucun changement matériel de mon côté.,account,medium,Guide enrollment Authenticator.,fr,synthetic_tritux_v1,double authentification à configurer depuis la dernière mise à jour windows.,onboarding activer mfa obligatoire. aucun changement matériel de mon côté.,double authentification à configurer depuis la dernière mise à jour windows. onboarding activer mfa obligatoire. aucun changement matériel de mon côté.
TRX-1219,PC ne démarre plus Problème reproduit sur 2 postes.,"Écran noir au power on, ventilateurs tournent. Captures d'écran disponibles.",hardware,high,"Tester RAM/écran externe, atelier.",fr,synthetic_tritux_v1,pc ne démarre plus problème reproduit sur 2 postes.,écran noir au power on ventilateurs tournent. captures d écran disponibles.,pc ne démarre plus problème reproduit sur 2 postes. écran noir au power on ventilateurs tournent. captures d écran disponibles.
TRX-1299,Double authentification à configurer En télétravail uniquement.,Onboarding: activer MFA obligatoire. Sur site le problème n'apparaît pas.,account,medium,Guide enrollment Authenticator.,fr,synthetic_tritux_v1,double authentification à configurer en télétravail uniquement.,onboarding activer mfa obligatoire. sur site le problème n apparaît pas.,double authentification à configurer en télétravail uniquement. onboarding activer mfa obligatoire. sur site le problème n apparaît pas.
TRX-1134,Teams ne rejoint pas les réunions Urgent pour une livraison client.,"Bouton Rejoindre grisé, erreur média. Deadline aujourd'hui 17h.",software,medium,"Clear cache Teams, réinstaller client.",fr,synthetic_tritux_v1,teams ne rejoint pas les réunions urgent pour une livraison client.,bouton rejoindre grisé erreur média. deadline aujourd hui 17h.,teams ne rejoint pas les réunions urgent pour une livraison client. bouton rejoindre grisé erreur média. deadline aujourd hui 17h.
TRX-1275,Droits accès SharePoint manquants En télétravail uniquement.,Pas d'accès au site projet Alpha. Sur site le problème n'apparaît pas.,account,medium,Ajouter au groupe Azure AD du site.,fr,synthetic_tritux_v1,droits accès sharepoint manquants en télétravail uniquement.,pas d accès au site projet alpha. sur site le problème n apparaît pas.,droits accès sharepoint manquants en télétravail uniquement. pas d accès au site projet alpha. sur site le problème n apparaît pas.
TRX-1417,Faux positif antivirus - besoin aide,Logiciel métier bloqué à tort. Occurrence #4.,security,medium,Whitelist contrôlée après analyse.,fr,synthetic_tritux_v1,faux positif antivirus - besoin aide,logiciel métier bloqué à tort. occurrence 4.,faux positif antivirus - besoin aide logiciel métier bloqué à tort. occurrence 4.
TRX-1126,Excel plante à l'ouverture d'un fichier,Fichier macro .xlsm provoque un crash Excel.,software,medium,"Ouvrir sans macro, réparer fichier, MAJ Office.",fr,synthetic_tritux_v1,excel plante à l ouverture d un fichier,fichier macro .xlsm provoque un crash excel.,excel plante à l ouverture d un fichier fichier macro .xlsm provoque un crash excel.
TRX-1434,Écran bleu BSOD intermittent,BSOD DRIVER_IRQL après dock.,hardware,high,MAJ chipset/dock drivers.,fr,synthetic_tritux_v1,écran bleu bsod intermittent,bsod driver_irql après dock.,écran bleu bsod intermittent bsod driver_irql après dock.
TRX-1405,Reset mot de passe oublié - besoin aide,J'ai oublié mon mot de passe Windows et Office. Occurrence #4.,account,high,Self-service reset SSO.,fr,synthetic_tritux_v1,reset mot de passe oublié - besoin aide,j ai oublié mon mot de passe windows et office. occurrence 4.,reset mot de passe oublié - besoin aide j ai oublié mon mot de passe windows et office. occurrence 4.
TRX-1073,Alerte antivirus malware détecté Merci de traiter rapidement.,Windows Defender a mis en quarantaine un fichier.exe téléchargé. Impact sur mon activité quotidienne.,security,urgent,"Ne pas restaurer, scanner complet, isoler poste.",fr,synthetic_tritux_v1,alerte antivirus malware détecté merci de traiter rapidement.,windows defender a mis en quarantaine un fichier.exe téléchargé. impact sur mon activité quotidienne.,alerte antivirus malware détecté merci de traiter rapidement. windows defender a mis en quarantaine un fichier.exe téléchargé. impact sur mon activité quotidienne.
TRX-1234,Ventilateur très bruyant,PC surchauffe et throttle en réunion.,hardware,medium,"Nettoyage poussière, paste thermique.",fr,synthetic_tritux_v1,ventilateur très bruyant,pc surchauffe et throttle en réunion.,ventilateur très bruyant pc surchauffe et throttle en réunion.
TRX-1202,Clavier certain touches mortes Depuis la dernière mise à jour Windows.,Touches E et R ne répondent plus. Aucun changement matériel de mon côté.,hardware,low,Nettoyage / remplacement clavier.,fr,synthetic_tritux_v1,clavier certain touches mortes depuis la dernière mise à jour windows.,touches e et r ne répondent plus. aucun changement matériel de mon côté.,clavier certain touches mortes depuis la dernière mise à jour windows. touches e et r ne répondent plus. aucun changement matériel de mon côté.
TRX-1255,Mot de passe SSO expiré Problème reproduit sur 2 postes.,"Impossible de se connecter, MDP expiré. Captures d'écran disponibles.",account,high,Reset via self-service ou agent identité.,fr,synthetic_tritux_v1,mot de passe sso expiré problème reproduit sur 2 postes.,impossible de se connecter mdp expiré. captures d écran disponibles.,mot de passe sso expiré problème reproduit sur 2 postes. impossible de se connecter mdp expiré. captures d écran disponibles.
TRX-1330,Boîte partagée inaccessible,support@tritux.com non visible.,email,medium,Droits FullAccess mailbox.,fr,synthetic_tritux_v1,boîte partagée inaccessible,non visible.,boîte partagée inaccessible non visible.
TRX-1334,Boîte partagée inaccessible Depuis la dernière mise à jour Windows.,support@tritux.com non visible. Aucun changement matériel de mon côté.,email,medium,Droits FullAccess mailbox.,fr,synthetic_tritux_v1,boîte partagée inaccessible depuis la dernière mise à jour windows.,non visible. aucun changement matériel de mon côté.,boîte partagée inaccessible depuis la dernière mise à jour windows. non visible. aucun changement matériel de mon côté.
TRX-1290,Accès VPN non provisionné Urgent pour une livraison client.,Compte ok mais groupe VPN manquant. Deadline aujourd'hui 17h.,account,high,Ajouter au groupe VPN-Users.,fr,synthetic_tritux_v1,accès vpn non provisionné urgent pour une livraison client.,compte ok mais groupe vpn manquant. deadline aujourd hui 17h.,accès vpn non provisionné urgent pour une livraison client. compte ok mais groupe vpn manquant. deadline aujourd hui 17h.
TRX-1108,Certificat SSL invalide sur portail,Navigateur indique certificat non fiable.,security,high,Vérifier horloge système et certificat serveur.,fr,synthetic_tritux_v1,certificat ssl invalide sur portail,navigateur indique certificat non fiable.,certificat ssl invalide sur portail navigateur indique certificat non fiable.
TRX-1033,Latence élevée sur Teams Problème reproduit sur 2 postes.,Appels Teams avec décalage audio important. Captures d'écran disponibles.,network,medium,"Tester bande passante, QoS, fermer VPN split tunnel.",fr,synthetic_tritux_v1,latence élevée sur teams problème reproduit sur 2 postes.,appels teams avec décalage audio important. captures d écran disponibles.,latence élevée sur teams problème reproduit sur 2 postes. appels teams avec décalage audio important. captures d écran disponibles.
TRX-1137,Teams ne rejoint pas les réunions En télétravail uniquement.,"Bouton Rejoindre grisé, erreur média. Sur site le problème n'apparaît pas.",software,medium,"Clear cache Teams, réinstaller client.",fr,synthetic_tritux_v1,teams ne rejoint pas les réunions en télétravail uniquement.,bouton rejoindre grisé erreur média. sur site le problème n apparaît pas.,teams ne rejoint pas les réunions en télétravail uniquement. bouton rejoindre grisé erreur média. sur site le problème n apparaît pas.
TRX-1205,Souris sans fil se déconnecte Merci de traiter rapidement.,Dongle Logitech instable. Impact sur mon activité quotidienne.,hardware,low,"Changer piles, port USB, réappairage.",fr,synthetic_tritux_v1,souris sans fil se déconnecte merci de traiter rapidement.,dongle logitech instable. impact sur mon activité quotidienne.,souris sans fil se déconnecte merci de traiter rapidement. dongle logitech instable. impact sur mon activité quotidienne.
TRX-1161,Adobe Reader ne s'ouvre pas En télétravail uniquement.,PDF s'ouvre dans le navigateur uniquement. Sur site le problème n'apparaît pas.,software,low,Réparer/réinstaller Acrobat Reader.,fr,synthetic_tritux_v1,adobe reader ne s ouvre pas en télétravail uniquement.,pdf s ouvre dans le navigateur uniquement. sur site le problème n apparaît pas.,adobe reader ne s ouvre pas en télétravail uniquement. pdf s ouvre dans le navigateur uniquement. sur site le problème n apparaît pas.
TRX-1425,Erreur OneNote sync - besoin aide,Bloc-notes ne se synchronise plus. Occurrence #4.,software,low,Repair OneNote / Sign-out.,fr,synthetic_tritux_v1,erreur onenote sync - besoin aide,bloc-notes ne se synchronise plus. occurrence 4.,erreur onenote sync - besoin aide bloc-notes ne se synchronise plus. occurrence 4.
TRX-1117,Demande d'audit des accès partage Problème reproduit sur 2 postes.,Besoin de revoir qui a accès au dossier RH. Captures d'écran disponibles.,security,medium,Exporter ACL et valider avec Data Owner.,fr,synthetic_tritux_v1,demande d audit des accès partage problème reproduit sur 2 postes.,besoin de revoir qui a accès au dossier rh. captures d écran disponibles.,demande d audit des accès partage problème reproduit sur 2 postes. besoin de revoir qui a accès au dossier rh. captures d écran disponibles.
TRX-1028,Impossible d'accéder au partage réseau Depuis la dernière mise à jour Windows.,"\\tritux-fs01\projets inaccessible, erreur d'accès refusé. Aucun changement matériel de mon côté.",network,medium,Vérifier droits SMB et VPN si hors site.,fr,synthetic_tritux_v1,impossible d accéder au partage réseau depuis la dernière mise à jour windows.,tritux-fs01 projets inaccessible erreur d accès refusé. aucun changement matériel de mon côté.,impossible d accéder au partage réseau depuis la dernière mise à jour windows. tritux-fs01 projets inaccessible erreur d accès refusé. aucun changement matériel de mon côté.
TRX-1166,OneDrive synchronisation bloquée Depuis la dernière mise à jour Windows.,"Icône rouge, fichiers hors ligne non sync. Aucun changement matériel de mon côté.",software,medium,"Reset OneDrive, espace disque, droits.",fr,synthetic_tritux_v1,onedrive synchronisation bloquée depuis la dernière mise à jour windows.,icône rouge fichiers hors ligne non sync. aucun changement matériel de mon côté.,onedrive synchronisation bloquée depuis la dernière mise à jour windows. icône rouge fichiers hors ligne non sync. aucun changement matériel de mon côté.
TRX-1410,Connexion SSO lente,Login Azure AD prend plus de 2 minutes.,account,medium,Vérifier réseau et MFA latency.,fr,synthetic_tritux_v1,connexion sso lente,login azure ad prend plus de 2 minutes.,connexion sso lente login azure ad prend plus de 2 minutes.
TRX-1285,Désactivation compte collaborateur sorti Problème reproduit sur 2 postes.,Offboarding: désactiver compte demain 18h. Captures d'écran disponibles.,account,high,Checklist offboarding AD/M365.,fr,synthetic_tritux_v1,désactivation compte collaborateur sorti problème reproduit sur 2 postes.,offboarding désactiver compte demain 18h. captures d écran disponibles.,désactivation compte collaborateur sorti problème reproduit sur 2 postes. offboarding désactiver compte demain 18h. captures d écran disponibles.
TRX-1441,Mailing list projet à créer - besoin aide,Créer liste projet-nova@tritux.com. Occurrence #4.,email,low,Créer DL Exchange.,fr,synthetic_tritux_v1,mailing list projet à créer - besoin aide,créer liste occurrence 4.,mailing list projet à créer - besoin aide créer liste occurrence 4.
TRX-1138,Word affiche document corrompu,Impossible d'ouvrir mon rapport.docx.,software,medium,Récupération Word / versions OneDrive.,fr,synthetic_tritux_v1,word affiche document corrompu,impossible d ouvrir mon rapport.docx.,word affiche document corrompu impossible d ouvrir mon rapport.docx.
TRX-1364,Distribution list non à jour Depuis la dernière mise à jour Windows.,Liste all-staff contient anciens employés. Aucun changement matériel de mon côté.,email,low,Sync HR + nettoyage DL.,fr,synthetic_tritux_v1,distribution list non à jour depuis la dernière mise à jour windows.,liste all-staff contient anciens employés. aucun changement matériel de mon côté.,distribution list non à jour depuis la dernière mise à jour windows. liste all-staff contient anciens employés. aucun changement matériel de mon côté.
TRX-1236,Ventilateur très bruyant Urgent pour une livraison client.,PC surchauffe et throttle en réunion. Deadline aujourd'hui 17h.,hardware,medium,"Nettoyage poussière, paste thermique.",fr,synthetic_tritux_v1,ventilateur très bruyant urgent pour une livraison client.,pc surchauffe et throttle en réunion. deadline aujourd hui 17h.,ventilateur très bruyant urgent pour une livraison client. pc surchauffe et throttle en réunion. deadline aujourd hui 17h.
TRX-1413,Connexion SSO lente - besoin aide,Login Azure AD prend plus de 2 minutes. Occurrence #4.,account,medium,Vérifier réseau et MFA latency.,fr,synthetic_tritux_v1,connexion sso lente - besoin aide,login azure ad prend plus de 2 minutes. occurrence 4.,connexion sso lente - besoin aide login azure ad prend plus de 2 minutes. occurrence 4.
TRX-1436,Écran bleu BSOD intermittent,BSOD DRIVER_IRQL après dock. Occurrence #3.,hardware,high,MAJ chipset/dock drivers.,fr,synthetic_tritux_v1,écran bleu bsod intermittent,bsod driver_irql après dock. occurrence 3.,écran bleu bsod intermittent bsod driver_irql après dock. occurrence 3.
TRX-1273,Droits accès SharePoint manquants Problème reproduit sur 2 postes.,Pas d'accès au site projet Alpha. Captures d'écran disponibles.,account,medium,Ajouter au groupe Azure AD du site.,fr,synthetic_tritux_v1,droits accès sharepoint manquants problème reproduit sur 2 postes.,pas d accès au site projet alpha. captures d écran disponibles.,droits accès sharepoint manquants problème reproduit sur 2 postes. pas d accès au site projet alpha. captures d écran disponibles.
TRX-1087,USB non autorisé bloqué Problème reproduit sur 2 postes.,Clé USB refusée par la politique de sécurité. Captures d'écran disponibles.,security,low,"Utiliser OneDrive Tritux, demander exception SI.",fr,synthetic_tritux_v1,usb non autorisé bloqué problème reproduit sur 2 postes.,clé usb refusée par la politique de sécurité. captures d écran disponibles.,usb non autorisé bloqué problème reproduit sur 2 postes. clé usb refusée par la politique de sécurité. captures d écran disponibles.
TRX-1361,Distribution list non à jour Merci de traiter rapidement.,Liste all-staff contient anciens employés. Impact sur mon activité quotidienne.,email,low,Sync HR + nettoyage DL.,fr,synthetic_tritux_v1,distribution list non à jour merci de traiter rapidement.,liste all-staff contient anciens employés. impact sur mon activité quotidienne.,distribution list non à jour merci de traiter rapidement. liste all-staff contient anciens employés. impact sur mon activité quotidienne.
TRX-1311,Profil Windows corrompu En télétravail uniquement.,Impossible de charger le profil local. Sur site le problème n'apparaît pas.,account,high,"Nouveau profil temporaire, migration data.",fr,synthetic_tritux_v1,profil windows corrompu en télétravail uniquement.,impossible de charger le profil local. sur site le problème n apparaît pas.,profil windows corrompu en télétravail uniquement. impossible de charger le profil local. sur site le problème n apparaît pas.
TRX-1036,DNS ne résout pas les sites internes,intranet.tritux.local ne répond pas.,network,high,"Pointer DNS vers contrôleurs Tritux, flushdns.",fr,synthetic_tritux_v1,dns ne résout pas les sites internes,intranet.tritux.local ne répond pas.,dns ne résout pas les sites internes intranet.tritux.local ne répond pas.
TRX-1331,Boîte partagée inaccessible Merci de traiter rapidement.,support@tritux.com non visible. Impact sur mon activité quotidienne.,email,medium,Droits FullAccess mailbox.,fr,synthetic_tritux_v1,boîte partagée inaccessible merci de traiter rapidement.,non visible. impact sur mon activité quotidienne.,boîte partagée inaccessible merci de traiter rapidement. non visible. impact sur mon activité quotidienne.
TRX-1349,Quota boîte mail saturé Merci de traiter rapidement.,"Impossible de recevoir, 99 Go utilisés. Impact sur mon activité quotidienne.",email,medium,Archivage online + purge.,fr,synthetic_tritux_v1,quota boîte mail saturé merci de traiter rapidement.,impossible de recevoir 99 go utilisés. impact sur mon activité quotidienne.,quota boîte mail saturé merci de traiter rapidement. impossible de recevoir 99 go utilisés. impact sur mon activité quotidienne.
TRX-1136,Teams ne rejoint pas les réunions Depuis la dernière mise à jour Windows.,"Bouton Rejoindre grisé, erreur média. Aucun changement matériel de mon côté.",software,medium,"Clear cache Teams, réinstaller client.",fr,synthetic_tritux_v1,teams ne rejoint pas les réunions depuis la dernière mise à jour windows.,bouton rejoindre grisé erreur média. aucun changement matériel de mon côté.,teams ne rejoint pas les réunions depuis la dernière mise à jour windows. bouton rejoindre grisé erreur média. aucun changement matériel de mon côté.
TRX-1343,Calendrier Teams non synchronisé Merci de traiter rapidement.,RDV Outlook absents de Teams. Impact sur mon activité quotidienne.,email,medium,Repair sync M365 calendar.,fr,synthetic_tritux_v1,calendrier teams non synchronisé merci de traiter rapidement.,rdv outlook absents de teams. impact sur mon activité quotidienne.,calendrier teams non synchronisé merci de traiter rapidement. rdv outlook absents de teams. impact sur mon activité quotidienne.
TRX-1107,Lien suspect dans Teams En télétravail uniquement.,Collègue a collé un lien raccourci douteux. Sur site le problème n'apparaît pas.,security,high,"Ne pas ouvrir, signaler au SOC Tritux.",fr,synthetic_tritux_v1,lien suspect dans teams en télétravail uniquement.,collègue a collé un lien raccourci douteux. sur site le problème n apparaît pas.,lien suspect dans teams en télétravail uniquement. collègue a collé un lien raccourci douteux. sur site le problème n apparaît pas.
TRX-1181,Erreur licence Office 365 Merci de traiter rapidement.,Produit non licencié après changement de poste. Impact sur mon activité quotidienne.,software,high,Réactiver licence via compte Tritux.,fr,synthetic_tritux_v1,erreur licence office 365 merci de traiter rapidement.,produit non licencié après changement de poste. impact sur mon activité quotidienne.,erreur licence office 365 merci de traiter rapidement. produit non licencié après changement de poste. impact sur mon activité quotidienne.
TRX-1189,Zoom / Teams conflit audio Problème reproduit sur 2 postes.,Micro non détecté pendant réunion. Captures d'écran disponibles.,software,medium,Permissions Windows privacy + périphérique défaut.,fr,synthetic_tritux_v1,zoom / teams conflit audio problème reproduit sur 2 postes.,micro non détecté pendant réunion. captures d écran disponibles.,zoom / teams conflit audio problème reproduit sur 2 postes. micro non détecté pendant réunion. captures d écran disponibles.
TRX-1083,Demande de droits admin local En télétravail uniquement.,"Besoin d'installer un outil, UAC bloque l'installation. Sur site le problème n'apparaît pas.",security,medium,"Évaluer besoin, déploiement via Intune si validé.",fr,synthetic_tritux_v1,demande de droits admin local en télétravail uniquement.,besoin d installer un outil uac bloque l installation. sur site le problème n apparaît pas.,demande de droits admin local en télétravail uniquement. besoin d installer un outil uac bloque l installation. sur site le problème n apparaît pas.
TRX-1186,Zoom / Teams conflit audio,Micro non détecté pendant réunion.,software,medium,Permissions Windows privacy + périphérique défaut.,fr,synthetic_tritux_v1,zoom / teams conflit audio,micro non détecté pendant réunion.,zoom / teams conflit audio micro non détecté pendant réunion.
TRX-1325,Signature email à mettre à jour Merci de traiter rapidement.,Nouvelle signature corporate manquante. Impact sur mon activité quotidienne.,email,low,Déployer signature centralisée.,fr,synthetic_tritux_v1,signature email à mettre à jour merci de traiter rapidement.,nouvelle signature corporate manquante. impact sur mon activité quotidienne.,signature email à mettre à jour merci de traiter rapidement. nouvelle signature corporate manquante. impact sur mon activité quotidienne.
TRX-1232,Webcam intégrée noire Depuis la dernière mise à jour Windows.,Caméra allumée mais image noire dans Teams. Aucun changement matériel de mon côté.,hardware,medium,"Réinstaller pilote caméra, privacy settings.",fr,synthetic_tritux_v1,webcam intégrée noire depuis la dernière mise à jour windows.,caméra allumée mais image noire dans teams. aucun changement matériel de mon côté.,webcam intégrée noire depuis la dernière mise à jour windows. caméra allumée mais image noire dans teams. aucun changement matériel de mon côté.
TRX-1400,Suggestion amélioration helpdesk Depuis la dernière mise à jour Windows.,Ajouter FAQ visible avant ticket. Aucun changement matériel de mon côté.,other,low,Remonter product owner.,fr,synthetic_tritux_v1,suggestion amélioration helpdesk depuis la dernière mise à jour windows.,ajouter faq visible avant ticket. aucun changement matériel de mon côté.,suggestion amélioration helpdesk depuis la dernière mise à jour windows. ajouter faq visible avant ticket. aucun changement matériel de mon côté.
TRX-1393,Question politique télétravail Problème reproduit sur 2 postes.,Jours autorisés hors site? Captures d'écran disponibles.,other,low,Consulter RH / intranet.,fr,synthetic_tritux_v1,question politique télétravail problème reproduit sur 2 postes.,jours autorisés hors site captures d écran disponibles.,question politique télétravail problème reproduit sur 2 postes. jours autorisés hors site captures d écran disponibles.
TRX-1051,Proxy bloque certains sites pro Problème reproduit sur 2 postes.,Accès refusé via proxy pour un outil SaaS métier. Captures d'écran disponibles.,network,medium,Demander exception proxy / whitelist.,fr,synthetic_tritux_v1,proxy bloque certains sites pro problème reproduit sur 2 postes.,accès refusé via proxy pour un outil saas métier. captures d écran disponibles.,proxy bloque certains sites pro problème reproduit sur 2 postes. accès refusé via proxy pour un outil saas métier. captures d écran disponibles.
TRX-1421,Câble réseau coupé open-space - besoin aide,Poste voisin aussi offline. Occurrence #4.,network,medium,Vérifier switch étage.,fr,synthetic_tritux_v1,câble réseau coupé open-space - besoin aide,poste voisin aussi offline. occurrence 4.,câble réseau coupé open-space - besoin aide poste voisin aussi offline. occurrence 4.
TRX-1381,Réservation salle réunion outil Problème reproduit sur 2 postes.,Comment réserver la salle Innovate? Captures d'écran disponibles.,other,low,Utiliser Outlook room finder.,fr,synthetic_tritux_v1,réservation salle réunion outil problème reproduit sur 2 postes.,comment réserver la salle innovate captures d écran disponibles.,réservation salle réunion outil problème reproduit sur 2 postes. comment réserver la salle innovate captures d écran disponibles.
TRX-1148,Installation Docker Desktop bloquée Depuis la dernière mise à jour Windows.,"Besoin Docker pour le projet, droits insuffisants. Aucun changement matériel de mon côté.",software,medium,Demande logiciel + validation sécurité.,fr,synthetic_tritux_v1,installation docker desktop bloquée depuis la dernière mise à jour windows.,besoin docker pour le projet droits insuffisants. aucun changement matériel de mon côté.,installation docker desktop bloquée depuis la dernière mise à jour windows. besoin docker pour le projet droits insuffisants. aucun changement matériel de mon côté.
TRX-1116,Demande d'audit des accès partage Urgent pour une livraison client.,Besoin de revoir qui a accès au dossier RH. Deadline aujourd'hui 17h.,security,medium,Exporter ACL et valider avec Data Owner.,fr,synthetic_tritux_v1,demande d audit des accès partage urgent pour une livraison client.,besoin de revoir qui a accès au dossier rh. deadline aujourd hui 17h.,demande d audit des accès partage urgent pour une livraison client. besoin de revoir qui a accès au dossier rh. deadline aujourd hui 17h.
TRX-1338,Mails partent en spam chez clients Urgent pour une livraison client.,Plaintes SPF/DKIM fail. Deadline aujourd'hui 17h.,email,high,Vérifier enregistrements DNS mail.,fr,synthetic_tritux_v1,mails partent en spam chez clients urgent pour une livraison client.,plaintes spf/dkim fail. deadline aujourd hui 17h.,mails partent en spam chez clients urgent pour une livraison client. plaintes spf/dkim fail. deadline aujourd hui 17h.
TRX-1023,Wi-Fi instable au 3ème étage En télétravail uniquement.,Le réseau sans fil coupe souvent dans la salle réunion B. Sur site le problème n'apparaît pas.,network,medium,"Reset borne AP, vérifier couverture et canaux.",fr,synthetic_tritux_v1,wi-fi instable au 3ème étage en télétravail uniquement.,le réseau sans fil coupe souvent dans la salle réunion b. sur site le problème n apparaît pas.,wi-fi instable au 3ème étage en télétravail uniquement. le réseau sans fil coupe souvent dans la salle réunion b. sur site le problème n apparaît pas.
TRX-1035,Latence élevée sur Teams En télétravail uniquement.,Appels Teams avec décalage audio important. Sur site le problème n'apparaît pas.,network,medium,"Tester bande passante, QoS, fermer VPN split tunnel.",fr,synthetic_tritux_v1,latence élevée sur teams en télétravail uniquement.,appels teams avec décalage audio important. sur site le problème n apparaît pas.,latence élevée sur teams en télétravail uniquement. appels teams avec décalage audio important. sur site le problème n apparaît pas.
TRX-1360,Distribution list non à jour,Liste all-staff contient anciens employés.,email,low,Sync HR + nettoyage DL.,fr,synthetic_tritux_v1,distribution list non à jour,liste all-staff contient anciens employés.,distribution list non à jour liste all-staff contient anciens employés.
TRX-1098,Ransomware suspicion fichiers chiffrés Urgent pour une livraison client.,Extensions .locked apparues sur mon dossier Documents. Deadline aujourd'hui 17h.,security,urgent,"Débrancher réseau immédiatement, alerter SOC.",fr,synthetic_tritux_v1,ransomware suspicion fichiers chiffrés urgent pour une livraison client.,extensions .locked apparues sur mon dossier documents. deadline aujourd hui 17h.,ransomware suspicion fichiers chiffrés urgent pour une livraison client. extensions .locked apparues sur mon dossier documents. deadline aujourd hui 17h.
TRX-1295,Double authentification à configurer Merci de traiter rapidement.,Onboarding: activer MFA obligatoire. Impact sur mon activité quotidienne.,account,medium,Guide enrollment Authenticator.,fr,synthetic_tritux_v1,double authentification à configurer merci de traiter rapidement.,onboarding activer mfa obligatoire. impact sur mon activité quotidienne.,double authentification à configurer merci de traiter rapidement. onboarding activer mfa obligatoire. impact sur mon activité quotidienne.
TRX-1185,Erreur licence Office 365 En télétravail uniquement.,Produit non licencié après changement de poste. Sur site le problème n'apparaît pas.,software,high,Réactiver licence via compte Tritux.,fr,synthetic_tritux_v1,erreur licence office 365 en télétravail uniquement.,produit non licencié après changement de poste. sur site le problème n apparaît pas.,erreur licence office 365 en télétravail uniquement. produit non licencié après changement de poste. sur site le problème n apparaît pas.
TRX-1316,Mails n'arrivent plus en réception Depuis la dernière mise à jour Windows.,"Boîte vide depuis hier, envoi OK. Aucun changement matériel de mon côté.",email,high,"Règles Outlook, quarantaine, MX.",fr,synthetic_tritux_v1,mails n arrivent plus en réception depuis la dernière mise à jour windows.,boîte vide depuis hier envoi ok. aucun changement matériel de mon côté.,mails n arrivent plus en réception depuis la dernière mise à jour windows. boîte vide depuis hier envoi ok. aucun changement matériel de mon côté.
TRX-1321,Pièces jointes bloquées Problème reproduit sur 2 postes.,PDF > 10 Mo refusés à l'envoi. Captures d'écran disponibles.,email,medium,"Utiliser OneDrive link, quota PJ.",fr,synthetic_tritux_v1,pièces jointes bloquées problème reproduit sur 2 postes.,pdf 10 mo refusés à l envoi. captures d écran disponibles.,pièces jointes bloquées problème reproduit sur 2 postes. pdf 10 mo refusés à l envoi. captures d écran disponibles.
TRX-1150,VS Code extensions manquantes,Environnement de dév incomplet après reset poste.,software,low,Réinstaller pack extensions Tritux.,fr,synthetic_tritux_v1,vs code extensions manquantes,environnement de dév incomplet après reset poste.,vs code extensions manquantes environnement de dév incomplet après reset poste.
TRX-1282,Désactivation compte collaborateur sorti,Offboarding: désactiver compte demain 18h.,account,high,Checklist offboarding AD/M365.,fr,synthetic_tritux_v1,désactivation compte collaborateur sorti,offboarding désactiver compte demain 18h.,désactivation compte collaborateur sorti offboarding désactiver compte demain 18h.
TRX-1040,DNS ne résout pas les sites internes Depuis la dernière mise à jour Windows.,intranet.tritux.local ne répond pas. Aucun changement matériel de mon côté.,network,high,"Pointer DNS vers contrôleurs Tritux, flushdns.",fr,synthetic_tritux_v1,dns ne résout pas les sites internes depuis la dernière mise à jour windows.,intranet.tritux.local ne répond pas. aucun changement matériel de mon côté.,dns ne résout pas les sites internes depuis la dernière mise à jour windows. intranet.tritux.local ne répond pas. aucun changement matériel de mon côté.
TRX-1193,Écran secondaire scintille Merci de traiter rapidement.,Moniteur HDMI scintille via dock USB-C. Impact sur mon activité quotidienne.,hardware,low,"Tester câble, port, MAJ GPU.",fr,synthetic_tritux_v1,écran secondaire scintille merci de traiter rapidement.,moniteur hdmi scintille via dock usb-c. impact sur mon activité quotidienne.,écran secondaire scintille merci de traiter rapidement. moniteur hdmi scintille via dock usb-c. impact sur mon activité quotidienne.
TRX-1063,Email de phishing suspect reçu Problème reproduit sur 2 postes.,Mail demandant de saisir mon mot de passe SSO via un lien externe. Captures d'écran disponibles.,security,urgent,"Ne pas cliquer, signaler phishing, reset MDP si cliqué.",fr,synthetic_tritux_v1,email de phishing suspect reçu problème reproduit sur 2 postes.,mail demandant de saisir mon mot de passe sso via un lien externe. captures d écran disponibles.,email de phishing suspect reçu problème reproduit sur 2 postes. mail demandant de saisir mon mot de passe sso via un lien externe. captures d écran disponibles.
TRX-1274,Droits accès SharePoint manquants Depuis la dernière mise à jour Windows.,Pas d'accès au site projet Alpha. Aucun changement matériel de mon côté.,account,medium,Ajouter au groupe Azure AD du site.,fr,synthetic_tritux_v1,droits accès sharepoint manquants depuis la dernière mise à jour windows.,pas d accès au site projet alpha. aucun changement matériel de mon côté.,droits accès sharepoint manquants depuis la dernière mise à jour windows. pas d accès au site projet alpha. aucun changement matériel de mon côté.
TRX-1235,Ventilateur très bruyant Merci de traiter rapidement.,PC surchauffe et throttle en réunion. Impact sur mon activité quotidienne.,hardware,medium,"Nettoyage poussière, paste thermique.",fr,synthetic_tritux_v1,ventilateur très bruyant merci de traiter rapidement.,pc surchauffe et throttle en réunion. impact sur mon activité quotidienne.,ventilateur très bruyant merci de traiter rapidement. pc surchauffe et throttle en réunion. impact sur mon activité quotidienne.
TRX-1373,Demande formation Excel avancé Merci de traiter rapidement.,Souhait formation tableaux croisés. Impact sur mon activité quotidienne.,other,low,Orienter catalogue formation Tritux.,fr,synthetic_tritux_v1,demande formation excel avancé merci de traiter rapidement.,souhait formation tableaux croisés. impact sur mon activité quotidienne.,demande formation excel avancé merci de traiter rapidement. souhait formation tableaux croisés. impact sur mon activité quotidienne.
TRX-1022,Wi-Fi instable au 3ème étage Depuis la dernière mise à jour Windows.,Le réseau sans fil coupe souvent dans la salle réunion B. Aucun changement matériel de mon côté.,network,medium,"Reset borne AP, vérifier couverture et canaux.",fr,synthetic_tritux_v1,wi-fi instable au 3ème étage depuis la dernière mise à jour windows.,le réseau sans fil coupe souvent dans la salle réunion b. aucun changement matériel de mon côté.,wi-fi instable au 3ème étage depuis la dernière mise à jour windows. le réseau sans fil coupe souvent dans la salle réunion b. aucun changement matériel de mon côté.
TRX-1135,Teams ne rejoint pas les réunions Problème reproduit sur 2 postes.,"Bouton Rejoindre grisé, erreur média. Captures d'écran disponibles.",software,medium,"Clear cache Teams, réinstaller client.",fr,synthetic_tritux_v1,teams ne rejoint pas les réunions problème reproduit sur 2 postes.,bouton rejoindre grisé erreur média. captures d écran disponibles.,teams ne rejoint pas les réunions problème reproduit sur 2 postes. bouton rejoindre grisé erreur média. captures d écran disponibles.
TRX-1309,Profil Windows corrompu Problème reproduit sur 2 postes.,Impossible de charger le profil local. Captures d'écran disponibles.,account,high,"Nouveau profil temporaire, migration data.",fr,synthetic_tritux_v1,profil windows corrompu problème reproduit sur 2 postes.,impossible de charger le profil local. captures d écran disponibles.,profil windows corrompu problème reproduit sur 2 postes. impossible de charger le profil local. captures d écran disponibles.
TRX-1176,Navigateur Chrome très lent Urgent pour une livraison client.,"Onglets se figent, utilisation CPU élevée. Deadline aujourd'hui 17h.",software,medium,"Désactiver extensions, clear cache.",fr,synthetic_tritux_v1,navigateur chrome très lent urgent pour une livraison client.,onglets se figent utilisation cpu élevée. deadline aujourd hui 17h.,navigateur chrome très lent urgent pour une livraison client. onglets se figent utilisation cpu élevée. deadline aujourd hui 17h.
TRX-1183,Erreur licence Office 365 Problème reproduit sur 2 postes.,Produit non licencié après changement de poste. Captures d'écran disponibles.,software,high,Réactiver licence via compte Tritux.,fr,synthetic_tritux_v1,erreur licence office 365 problème reproduit sur 2 postes.,produit non licencié après changement de poste. captures d écran disponibles.,erreur licence office 365 problème reproduit sur 2 postes. produit non licencié après changement de poste. captures d écran disponibles.
TRX-1049,Proxy bloque certains sites pro Merci de traiter rapidement.,Accès refusé via proxy pour un outil SaaS métier. Impact sur mon activité quotidienne.,network,medium,Demander exception proxy / whitelist.,fr,synthetic_tritux_v1,proxy bloque certains sites pro merci de traiter rapidement.,accès refusé via proxy pour un outil saas métier. impact sur mon activité quotidienne.,proxy bloque certains sites pro merci de traiter rapidement. accès refusé via proxy pour un outil saas métier. impact sur mon activité quotidienne.
TRX-1194,Écran secondaire scintille Urgent pour une livraison client.,Moniteur HDMI scintille via dock USB-C. Deadline aujourd'hui 17h.,hardware,low,"Tester câble, port, MAJ GPU.",fr,synthetic_tritux_v1,écran secondaire scintille urgent pour une livraison client.,moniteur hdmi scintille via dock usb-c. deadline aujourd hui 17h.,écran secondaire scintille urgent pour une livraison client. moniteur hdmi scintille via dock usb-c. deadline aujourd hui 17h.
TRX-1423,Erreur OneNote sync - besoin aide,Bloc-notes ne se synchronise plus. Occurrence #2.,software,low,Repair OneNote / Sign-out.,fr,synthetic_tritux_v1,erreur onenote sync - besoin aide,bloc-notes ne se synchronise plus. occurrence 2.,erreur onenote sync - besoin aide bloc-notes ne se synchronise plus. occurrence 2.
TRX-1432,Alerte connexion RDP inhabituelle,Tentative RDP hors heures. Occurrence #3.,security,urgent,"Bloquer IP, audit compte.",fr,synthetic_tritux_v1,alerte connexion rdp inhabituelle,tentative rdp hors heures. occurrence 3.,alerte connexion rdp inhabituelle tentative rdp hors heures. occurrence 3.
TRX-1172,PowerPoint police manquante Depuis la dernière mise à jour Windows.,Présentation avec polices non installées. Aucun changement matériel de mon côté.,software,low,Installer polices corporate Tritux.,fr,synthetic_tritux_v1,powerpoint police manquante depuis la dernière mise à jour windows.,présentation avec polices non installées. aucun changement matériel de mon côté.,powerpoint police manquante depuis la dernière mise à jour windows. présentation avec polices non installées. aucun changement matériel de mon côté.
TRX-1390,Question politique télétravail,Jours autorisés hors site?,other,low,Consulter RH / intranet.,fr,synthetic_tritux_v1,question politique télétravail,jours autorisés hors site,question politique télétravail jours autorisés hors site
TRX-1110,Certificat SSL invalide sur portail Urgent pour une livraison client.,Navigateur indique certificat non fiable. Deadline aujourd'hui 17h.,security,high,Vérifier horloge système et certificat serveur.,fr,synthetic_tritux_v1,certificat ssl invalide sur portail urgent pour une livraison client.,navigateur indique certificat non fiable. deadline aujourd hui 17h.,certificat ssl invalide sur portail urgent pour une livraison client. navigateur indique certificat non fiable. deadline aujourd hui 17h.
TRX-1079,Demande de droits admin local Merci de traiter rapidement.,"Besoin d'installer un outil, UAC bloque l'installation. Impact sur mon activité quotidienne.",security,medium,"Évaluer besoin, déploiement via Intune si validé.",fr,synthetic_tritux_v1,demande de droits admin local merci de traiter rapidement.,besoin d installer un outil uac bloque l installation. impact sur mon activité quotidienne.,demande de droits admin local merci de traiter rapidement. besoin d installer un outil uac bloque l installation. impact sur mon activité quotidienne.
TRX-1407,Imprimante imprime des pages blanches - besoin aide,Toner semble OK mais sorties blanches. Occurrence #2.,hardware,low,"Tambour/toner, test page.",fr,synthetic_tritux_v1,imprimante imprime des pages blanches - besoin aide,toner semble ok mais sorties blanches. occurrence 2.,imprimante imprime des pages blanches - besoin aide toner semble ok mais sorties blanches. occurrence 2.
TRX-1174,Navigateur Chrome très lent,"Onglets se figent, utilisation CPU élevée.",software,medium,"Désactiver extensions, clear cache.",fr,synthetic_tritux_v1,navigateur chrome très lent,onglets se figent utilisation cpu élevée.,navigateur chrome très lent onglets se figent utilisation cpu élevée.
TRX-1426,Demande accès GitLab,Nouveau développeur sans accès dépôt.,account,medium,Ajouter groupe gitlab-devs.,fr,synthetic_tritux_v1,demande accès gitlab,nouveau développeur sans accès dépôt.,demande accès gitlab nouveau développeur sans accès dépôt.
TRX-1357,Règle de redirection suspecte Problème reproduit sur 2 postes.,Mails forward auto vers externe. Captures d'écran disponibles.,email,urgent,"Supprimer règle, reset MDP, audit.",fr,synthetic_tritux_v1,règle de redirection suspecte problème reproduit sur 2 postes.,mails forward auto vers externe. captures d écran disponibles.,règle de redirection suspecte problème reproduit sur 2 postes. mails forward auto vers externe. captures d écran disponibles.
TRX-1081,Demande de droits admin local Problème reproduit sur 2 postes.,"Besoin d'installer un outil, UAC bloque l'installation. Captures d'écran disponibles.",security,medium,"Évaluer besoin, déploiement via Intune si validé.",fr,synthetic_tritux_v1,demande de droits admin local problème reproduit sur 2 postes.,besoin d installer un outil uac bloque l installation. captures d écran disponibles.,demande de droits admin local problème reproduit sur 2 postes. besoin d installer un outil uac bloque l installation. captures d écran disponibles.
TRX-1388,Demande inventaire matériel Depuis la dernière mise à jour Windows.,Liste des assets de mon département. Aucun changement matériel de mon côté.,other,low,Extraire depuis CMDB / Intune.,fr,synthetic_tritux_v1,demande inventaire matériel depuis la dernière mise à jour windows.,liste des assets de mon département. aucun changement matériel de mon côté.,demande inventaire matériel depuis la dernière mise à jour windows. liste des assets de mon département. aucun changement matériel de mon côté.
TRX-1003,Impossible de se connecter au VPN Problème reproduit sur 2 postes.,Erreur 'connexion VPN échouée' depuis le télétravail. Client OpenVPN à jour. Captures d'écran disponibles.,network,high,"Vérifier certificat VPN, DNS et firewall.",fr,synthetic_tritux_v1,impossible de se connecter au vpn problème reproduit sur 2 postes.,erreur connexion vpn échouée depuis le télétravail. client openvpn à jour. captures d écran disponibles.,impossible de se connecter au vpn problème reproduit sur 2 postes. erreur connexion vpn échouée depuis le télétravail. client openvpn à jour. captures d écran disponibles.
TRX-1142,Word affiche document corrompu Depuis la dernière mise à jour Windows.,Impossible d'ouvrir mon rapport.docx. Aucun changement matériel de mon côté.,software,medium,Récupération Word / versions OneDrive.,fr,synthetic_tritux_v1,word affiche document corrompu depuis la dernière mise à jour windows.,impossible d ouvrir mon rapport.docx. aucun changement matériel de mon côté.,word affiche document corrompu depuis la dernière mise à jour windows. impossible d ouvrir mon rapport.docx. aucun changement matériel de mon côté.
TRX-1301,Alias email non reçu Merci de traiter rapidement.,L'alias prenom.nom2 n'arrive pas. Impact sur mon activité quotidienne.,account,medium,Vérifier proxyAddresses Exchange.,fr,synthetic_tritux_v1,alias email non reçu merci de traiter rapidement.,l alias prenom.nom2 n arrive pas. impact sur mon activité quotidienne.,alias email non reçu merci de traiter rapidement. l alias prenom.nom2 n arrive pas. impact sur mon activité quotidienne.
TRX-1229,Webcam intégrée noire Merci de traiter rapidement.,Caméra allumée mais image noire dans Teams. Impact sur mon activité quotidienne.,hardware,medium,"Réinstaller pilote caméra, privacy settings.",fr,synthetic_tritux_v1,webcam intégrée noire merci de traiter rapidement.,caméra allumée mais image noire dans teams. impact sur mon activité quotidienne.,webcam intégrée noire merci de traiter rapidement. caméra allumée mais image noire dans teams. impact sur mon activité quotidienne.
TRX-1112,Certificat SSL invalide sur portail Depuis la dernière mise à jour Windows.,Navigateur indique certificat non fiable. Aucun changement matériel de mon côté.,security,high,Vérifier horloge système et certificat serveur.,fr,synthetic_tritux_v1,certificat ssl invalide sur portail depuis la dernière mise à jour windows.,navigateur indique certificat non fiable. aucun changement matériel de mon côté.,certificat ssl invalide sur portail depuis la dernière mise à jour windows. navigateur indique certificat non fiable. aucun changement matériel de mon côté.
TRX-1214,Batterie PC portable se décharge vite Depuis la dernière mise à jour Windows.,Autonomie < 1h alors que neuve il y a 2 ans. Aucun changement matériel de mon côté.,hardware,medium,"Diagnostic batterie, remplacement si usée.",fr,synthetic_tritux_v1,batterie pc portable se décharge vite depuis la dernière mise à jour windows.,autonomie 1h alors que neuve il y a 2 ans. aucun changement matériel de mon côté.,batterie pc portable se décharge vite depuis la dernière mise à jour windows. autonomie 1h alors que neuve il y a 2 ans. aucun changement matériel de mon côté.
TRX-1429,Demande accès GitLab - besoin aide,Nouveau développeur sans accès dépôt. Occurrence #4.,account,medium,Ajouter groupe gitlab-devs.,fr,synthetic_tritux_v1,demande accès gitlab - besoin aide,nouveau développeur sans accès dépôt. occurrence 4.,demande accès gitlab - besoin aide nouveau développeur sans accès dépôt. occurrence 4.
TRX-1359,Règle de redirection suspecte En télétravail uniquement.,Mails forward auto vers externe. Sur site le problème n'apparaît pas.,email,urgent,"Supprimer règle, reset MDP, audit.",fr,synthetic_tritux_v1,règle de redirection suspecte en télétravail uniquement.,mails forward auto vers externe. sur site le problème n apparaît pas.,règle de redirection suspecte en télétravail uniquement. mails forward auto vers externe. sur site le problème n apparaît pas.
TRX-1332,Boîte partagée inaccessible Urgent pour une livraison client.,support@tritux.com non visible. Deadline aujourd'hui 17h.,email,medium,Droits FullAccess mailbox.,fr,synthetic_tritux_v1,boîte partagée inaccessible urgent pour une livraison client.,non visible. deadline aujourd hui 17h.,boîte partagée inaccessible urgent pour une livraison client. non visible. deadline aujourd hui 17h.
TRX-1366,Erreur NDR 5.7.1,Envoi interne refusé avec NDR.,email,medium,Permissions send-as / connector.,fr,synthetic_tritux_v1,erreur ndr 5.7.1,envoi interne refusé avec ndr.,erreur ndr 5.7.1 envoi interne refusé avec ndr.
TRX-1101,Ransomware suspicion fichiers chiffrés En télétravail uniquement.,Extensions .locked apparues sur mon dossier Documents. Sur site le problème n'apparaît pas.,security,urgent,"Débrancher réseau immédiatement, alerter SOC.",fr,synthetic_tritux_v1,ransomware suspicion fichiers chiffrés en télétravail uniquement.,extensions .locked apparues sur mon dossier documents. sur site le problème n apparaît pas.,ransomware suspicion fichiers chiffrés en télétravail uniquement. extensions .locked apparues sur mon dossier documents. sur site le problème n apparaît pas.
TRX-1287,Désactivation compte collaborateur sorti En télétravail uniquement.,Offboarding: désactiver compte demain 18h. Sur site le problème n'apparaît pas.,account,high,Checklist offboarding AD/M365.,fr,synthetic_tritux_v1,désactivation compte collaborateur sorti en télétravail uniquement.,offboarding désactiver compte demain 18h. sur site le problème n apparaît pas.,désactivation compte collaborateur sorti en télétravail uniquement. offboarding désactiver compte demain 18h. sur site le problème n apparaît pas.
TRX-1013,Pas d'accès Internet sur le poste Merci de traiter rapidement.,Plus de navigation web ni ping 8.8.8.8 depuis ce matin. Impact sur mon activité quotidienne.,network,high,"Vérifier câble/Wi-Fi, DHCP, proxy Tritux.",fr,synthetic_tritux_v1,pas d accès internet sur le poste merci de traiter rapidement.,plus de navigation web ni ping 8.8.8.8 depuis ce matin. impact sur mon activité quotidienne.,pas d accès internet sur le poste merci de traiter rapidement. plus de navigation web ni ping 8.8.8.8 depuis ce matin. impact sur mon activité quotidienne.
TRX-1308,Profil Windows corrompu Urgent pour une livraison client.,Impossible de charger le profil local. Deadline aujourd'hui 17h.,account,high,"Nouveau profil temporaire, migration data.",fr,synthetic_tritux_v1,profil windows corrompu urgent pour une livraison client.,impossible de charger le profil local. deadline aujourd hui 17h.,profil windows corrompu urgent pour une livraison client. impossible de charger le profil local. deadline aujourd hui 17h.
TRX-1258,Compte verrouillé après tentatives,"Trop d'échecs de connexion, compte lock.",account,high,Unlock Active Directory / Azure AD.,fr,synthetic_tritux_v1,compte verrouillé après tentatives,trop d échecs de connexion compte lock.,compte verrouillé après tentatives trop d échecs de connexion compte lock.
TRX-1119,Demande d'audit des accès partage En télétravail uniquement.,Besoin de revoir qui a accès au dossier RH. Sur site le problème n'apparaît pas.,security,medium,Exporter ACL et valider avec Data Owner.,fr,synthetic_tritux_v1,demande d audit des accès partage en télétravail uniquement.,besoin de revoir qui a accès au dossier rh. sur site le problème n apparaît pas.,demande d audit des accès partage en télétravail uniquement. besoin de revoir qui a accès au dossier rh. sur site le problème n apparaît pas.
TRX-1111,Certificat SSL invalide sur portail Problème reproduit sur 2 postes.,Navigateur indique certificat non fiable. Captures d'écran disponibles.,security,high,Vérifier horloge système et certificat serveur.,fr,synthetic_tritux_v1,certificat ssl invalide sur portail problème reproduit sur 2 postes.,navigateur indique certificat non fiable. captures d écran disponibles.,certificat ssl invalide sur portail problème reproduit sur 2 postes. navigateur indique certificat non fiable. captures d écran disponibles.
TRX-1047,Câble RJ45 défectueux poste finance En télétravail uniquement.,"Lien ethernet down, LED orange éteinte. Sur site le problème n'apparaît pas.",network,low,Remplacer câble et tester port switch.,fr,synthetic_tritux_v1,câble rj45 défectueux poste finance en télétravail uniquement.,lien ethernet down led orange éteinte. sur site le problème n apparaît pas.,câble rj45 défectueux poste finance en télétravail uniquement. lien ethernet down led orange éteinte. sur site le problème n apparaît pas.
TRX-1015,Pas d'accès Internet sur le poste Problème reproduit sur 2 postes.,Plus de navigation web ni ping 8.8.8.8 depuis ce matin. Captures d'écran disponibles.,network,high,"Vérifier câble/Wi-Fi, DHCP, proxy Tritux.",fr,synthetic_tritux_v1,pas d accès internet sur le poste problème reproduit sur 2 postes.,plus de navigation web ni ping 8.8.8.8 depuis ce matin. captures d écran disponibles.,pas d accès internet sur le poste problème reproduit sur 2 postes. plus de navigation web ni ping 8.8.8.8 depuis ce matin. captures d écran disponibles.
TRX-1016,Pas d'accès Internet sur le poste Depuis la dernière mise à jour Windows.,Plus de navigation web ni ping 8.8.8.8 depuis ce matin. Aucun changement matériel de mon côté.,network,high,"Vérifier câble/Wi-Fi, DHCP, proxy Tritux.",fr,synthetic_tritux_v1,pas d accès internet sur le poste depuis la dernière mise à jour windows.,plus de navigation web ni ping 8.8.8.8 depuis ce matin. aucun changement matériel de mon côté.,pas d accès internet sur le poste depuis la dernière mise à jour windows. plus de navigation web ni ping 8.8.8.8 depuis ce matin. aucun changement matériel de mon côté.
TRX-1216,PC ne démarre plus,"Écran noir au power on, ventilateurs tournent.",hardware,high,"Tester RAM/écran externe, atelier.",fr,synthetic_tritux_v1,pc ne démarre plus,écran noir au power on ventilateurs tournent.,pc ne démarre plus écran noir au power on ventilateurs tournent.
TRX-1302,Alias email non reçu Urgent pour une livraison client.,L'alias prenom.nom2 n'arrive pas. Deadline aujourd'hui 17h.,account,medium,Vérifier proxyAddresses Exchange.,fr,synthetic_tritux_v1,alias email non reçu urgent pour une livraison client.,l alias prenom.nom2 n arrive pas. deadline aujourd hui 17h.,alias email non reçu urgent pour une livraison client. l alias prenom.nom2 n arrive pas. deadline aujourd hui 17h.
TRX-1044,Câble RJ45 défectueux poste finance Urgent pour une livraison client.,"Lien ethernet down, LED orange éteinte. Deadline aujourd'hui 17h.",network,low,Remplacer câble et tester port switch.,fr,synthetic_tritux_v1,câble rj45 défectueux poste finance urgent pour une livraison client.,lien ethernet down led orange éteinte. deadline aujourd hui 17h.,câble rj45 défectueux poste finance urgent pour une livraison client. lien ethernet down led orange éteinte. deadline aujourd hui 17h.
TRX-1279,Changement de nom suite mariage Problème reproduit sur 2 postes.,Mettre à jour display name et email. Captures d'écran disponibles.,account,low,Ticket identité + sync HRIS.,fr,synthetic_tritux_v1,changement de nom suite mariage problème reproduit sur 2 postes.,mettre à jour display name et email. captures d écran disponibles.,changement de nom suite mariage problème reproduit sur 2 postes. mettre à jour display name et email. captures d écran disponibles.
TRX-1438,Mailing list projet à créer,Créer liste projet-nova@tritux.com.,email,low,Créer DL Exchange.,fr,synthetic_tritux_v1,mailing list projet à créer,créer liste,mailing list projet à créer créer liste
TRX-1346,Calendrier Teams non synchronisé Depuis la dernière mise à jour Windows.,RDV Outlook absents de Teams. Aucun changement matériel de mon côté.,email,medium,Repair sync M365 calendar.,fr,synthetic_tritux_v1,calendrier teams non synchronisé depuis la dernière mise à jour windows.,rdv outlook absents de teams. aucun changement matériel de mon côté.,calendrier teams non synchronisé depuis la dernière mise à jour windows. rdv outlook absents de teams. aucun changement matériel de mon côté.
TRX-1052,Proxy bloque certains sites pro Depuis la dernière mise à jour Windows.,Accès refusé via proxy pour un outil SaaS métier. Aucun changement matériel de mon côté.,network,medium,Demander exception proxy / whitelist.,fr,synthetic_tritux_v1,proxy bloque certains sites pro depuis la dernière mise à jour windows.,accès refusé via proxy pour un outil saas métier. aucun changement matériel de mon côté.,proxy bloque certains sites pro depuis la dernière mise à jour windows. accès refusé via proxy pour un outil saas métier. aucun changement matériel de mon côté.
TRX-1377,Demande formation Excel avancé En télétravail uniquement.,Souhait formation tableaux croisés. Sur site le problème n'apparaît pas.,other,low,Orienter catalogue formation Tritux.,fr,synthetic_tritux_v1,demande formation excel avancé en télétravail uniquement.,souhait formation tableaux croisés. sur site le problème n apparaît pas.,demande formation excel avancé en télétravail uniquement. souhait formation tableaux croisés. sur site le problème n apparaît pas.
TRX-1071,Compte potentiellement compromis En télétravail uniquement.,Connexions inhabituelles depuis l'étranger dans les logs. Sur site le problème n'apparaît pas.,security,urgent,"Révoquer sessions, reset MDP, MFA obligatoire.",fr,synthetic_tritux_v1,compte potentiellement compromis en télétravail uniquement.,connexions inhabituelles depuis l étranger dans les logs. sur site le problème n apparaît pas.,compte potentiellement compromis en télétravail uniquement. connexions inhabituelles depuis l étranger dans les logs. sur site le problème n apparaît pas.
TRX-1114,Demande d'audit des accès partage,Besoin de revoir qui a accès au dossier RH.,security,medium,Exporter ACL et valider avec Data Owner.,fr,synthetic_tritux_v1,demande d audit des accès partage,besoin de revoir qui a accès au dossier rh.,demande d audit des accès partage besoin de revoir qui a accès au dossier rh.
TRX-1125,Outlook ne démarre plus En télétravail uniquement.,Outlook plante au lancement avec erreur 0x8004010F. Sur site le problème n'apparaît pas.,software,high,"Réparer Office, mode sans échec, nouveau profil.",fr,synthetic_tritux_v1,outlook ne démarre plus en télétravail uniquement.,outlook plante au lancement avec erreur 0x8004010f. sur site le problème n apparaît pas.,outlook ne démarre plus en télétravail uniquement. outlook plante au lancement avec erreur 0x8004010f. sur site le problème n apparaît pas.
TRX-1140,Word affiche document corrompu Urgent pour une livraison client.,Impossible d'ouvrir mon rapport.docx. Deadline aujourd'hui 17h.,software,medium,Récupération Word / versions OneDrive.,fr,synthetic_tritux_v1,word affiche document corrompu urgent pour une livraison client.,impossible d ouvrir mon rapport.docx. deadline aujourd hui 17h.,word affiche document corrompu urgent pour une livraison client. impossible d ouvrir mon rapport.docx. deadline aujourd hui 17h.
TRX-1379,Réservation salle réunion outil Merci de traiter rapidement.,Comment réserver la salle Innovate? Impact sur mon activité quotidienne.,other,low,Utiliser Outlook room finder.,fr,synthetic_tritux_v1,réservation salle réunion outil merci de traiter rapidement.,comment réserver la salle innovate impact sur mon activité quotidienne.,réservation salle réunion outil merci de traiter rapidement. comment réserver la salle innovate impact sur mon activité quotidienne.
TRX-1012,Pas d'accès Internet sur le poste,Plus de navigation web ni ping 8.8.8.8 depuis ce matin.,network,high,"Vérifier câble/Wi-Fi, DHCP, proxy Tritux.",fr,synthetic_tritux_v1,pas d accès internet sur le poste,plus de navigation web ni ping 8.8.8.8 depuis ce matin.,pas d accès internet sur le poste plus de navigation web ni ping 8.8.8.8 depuis ce matin.
TRX-1057,Perte de connexion après veille Problème reproduit sur 2 postes.,"Après sleep Windows, plus de réseau jusqu'au reboot. Captures d'écran disponibles.",network,medium,"Mettre à jour pilote NIC, désactiver energy saving.",fr,synthetic_tritux_v1,perte de connexion après veille problème reproduit sur 2 postes.,après sleep windows plus de réseau jusqu au reboot. captures d écran disponibles.,perte de connexion après veille problème reproduit sur 2 postes. après sleep windows plus de réseau jusqu au reboot. captures d écran disponibles.
TRX-1327,Signature email à mettre à jour Problème reproduit sur 2 postes.,Nouvelle signature corporate manquante. Captures d'écran disponibles.,email,low,Déployer signature centralisée.,fr,synthetic_tritux_v1,signature email à mettre à jour problème reproduit sur 2 postes.,nouvelle signature corporate manquante. captures d écran disponibles.,signature email à mettre à jour problème reproduit sur 2 postes. nouvelle signature corporate manquante. captures d écran disponibles.
